Student_ID,Grade_Level,Section,Historical_Total_Sessions,Historical_Present_Count,Historical_Total_Absences,Historical_Attendance_Rate,Historical_Absence_Frequency,Frequently_Absent_Days_Count,Lowest_Attendance_Subject,Lowest_Subject_Attendance_Rate,Subject_Attendance_Rate_Range,First_Half_Attendance_Rate,Second_Half_Attendance_Rate,Attendance_Trend_Change,Target_Window_Attendance_Rate,Target_Window_Absence_Frequency,Synthetic_Absenteeism_Risk_Target,Dataset_Split
ENHS_SYN_0001,Grade 7,Section A,200,175,25,0.875,0.125,19,Subject E,0.8,0.15,0.86,0.89,0.03,0.84,0.16,Moderate Risk,Train
ENHS_SYN_0002,Grade 7,Section A,200,182,18,0.91,0.09,13,Subject B,0.875,0.075,0.93,0.89,-0.04,0.85,0.15,Moderate Risk,Test
ENHS_SYN_0003,Grade 7,Section A,200,150,50,0.75,0.25,30,Subject B,0.6,0.275,0.76,0.74,-0.02,0.77,0.23,High Risk,Test
ENHS_SYN_0004,Grade 7,Section A,200,169,31,0.845,0.155,21,Subject E,0.75,0.15,0.89,0.8,-0.09,0.85,0.15,Moderate Risk,Train
ENHS_SYN_0005,Grade 7,Section A,200,154,46,0.77,0.23,27,Subject C,0.725,0.125,0.81,0.73,-0.08,0.75,0.25,High Risk,Train
ENHS_SYN_0006,Grade 7,Section A,200,155,45,0.775,0.225,30,Subject B,0.675,0.175,0.76,0.79,0.03,0.75,0.25,High Risk,Train
ENHS_SYN_0007,Grade 7,Section A,200,158,42,0.79,0.21,27,Subject D,0.75,0.075,0.8,0.78,-0.02,0.81,0.19,High Risk,Train
ENHS_SYN_0008,Grade 7,Section A,200,187,13,0.935,0.065,10,Subject C,0.9,0.075,0.95,0.92,-0.03,0.92,0.08,Low Risk,Test
ENHS_SYN_0009,Grade 7,Section A,200,150,50,0.75,0.25,30,Subject C,0.65,0.2,0.75,0.75,0.0,0.75,0.25,High Risk,Test
ENHS_SYN_0010,Grade 7,Section A,200,180,20,0.9,0.1,17,Subject A,0.85,0.125,0.88,0.92,0.04,0.9,0.1,Moderate Risk,Train
ENHS_SYN_0011,Grade 7,Section A,200,185,15,0.925,0.075,14,Subject C,0.875,0.125,0.93,0.92,-0.01,0.92,0.08,Low Risk,Train
ENHS_SYN_0012,Grade 7,Section A,200,164,36,0.82,0.18,25,Subject C,0.725,0.2,0.83,0.81,-0.02,0.8,0.2,High Risk,Train
ENHS_SYN_0013,Grade 7,Section A,200,173,27,0.865,0.135,21,Subject E,0.825,0.075,0.9,0.83,-0.07,0.92,0.08,Moderate Risk,Train
ENHS_SYN_0014,Grade 7,Section A,200,183,17,0.915,0.085,13,Subject C,0.85,0.125,0.87,0.96,0.09,0.89,0.11,Low Risk,Train
ENHS_SYN_0015,Grade 7,Section A,200,185,15,0.925,0.075,13,Subject E,0.875,0.125,0.93,0.92,-0.01,0.93,0.07,Low Risk,Test
ENHS_SYN_0016,Grade 7,Section A,200,194,6,0.97,0.03,6,Subject A,0.95,0.025,0.98,0.96,-0.02,0.98,0.02,Low Risk,Train
ENHS_SYN_0017,Grade 7,Section A,200,181,19,0.905,0.095,17,Subject B,0.8,0.175,0.91,0.9,-0.01,0.91,0.09,Moderate Risk,Train
ENHS_SYN_0018,Grade 7,Section A,200,186,14,0.93,0.07,13,Subject A,0.9,0.1,0.95,0.91,-0.04,0.93,0.07,Low Risk,Test
ENHS_SYN_0019,Grade 7,Section A,200,158,42,0.79,0.21,31,Subject C,0.725,0.1,0.8,0.78,-0.02,0.8,0.2,High Risk,Train
ENHS_SYN_0020,Grade 7,Section A,200,183,17,0.915,0.085,15,Subject B,0.875,0.075,0.92,0.91,-0.01,0.89,0.11,Moderate Risk,Train
ENHS_SYN_0021,Grade 7,Section A,200,173,27,0.865,0.135,21,Subject A,0.825,0.1,0.86,0.87,0.01,0.86,0.14,Moderate Risk,Train
ENHS_SYN_0022,Grade 7,Section A,200,158,42,0.79,0.21,30,Subject D,0.725,0.1,0.79,0.79,0.0,0.84,0.16,High Risk,Train
ENHS_SYN_0023,Grade 7,Section A,200,159,41,0.795,0.205,24,Subject C,0.75,0.1,0.76,0.83,0.07,0.84,0.16,Moderate Risk,Train
ENHS_SYN_0024,Grade 7,Section A,200,176,24,0.88,0.12,20,Subject C,0.75,0.2,0.88,0.88,0.0,0.9,0.1,Moderate Risk,Train
ENHS_SYN_0025,Grade 7,Section A,200,175,25,0.875,0.125,22,Subject A,0.85,0.1,0.88,0.87,-0.01,0.9,0.1,Moderate Risk,Train
ENHS_SYN_0026,Grade 7,Section A,200,154,46,0.77,0.23,30,Subject C,0.65,0.2,0.83,0.71,-0.12,0.75,0.25,High Risk,Test
ENHS_SYN_0027,Grade 7,Section A,200,164,36,0.82,0.18,23,Subject A,0.7,0.225,0.87,0.77,-0.1,0.79,0.21,High Risk,Train
ENHS_SYN_0028,Grade 7,Section A,200,165,35,0.825,0.175,20,Subject D,0.75,0.125,0.81,0.84,0.03,0.79,0.21,High Risk,Train
ENHS_SYN_0029,Grade 7,Section A,200,172,28,0.86,0.14,21,Subject A,0.8,0.1,0.89,0.83,-0.06,0.87,0.13,Moderate Risk,Test
ENHS_SYN_0030,Grade 7,Section A,200,190,10,0.95,0.05,7,Subject B,0.925,0.05,0.96,0.94,-0.02,0.99,0.01,Low Risk,Test
ENHS_SYN_0031,Grade 7,Section A,200,186,14,0.93,0.07,11,Subject B,0.9,0.05,0.95,0.91,-0.04,0.82,0.18,Moderate Risk,Test
ENHS_SYN_0032,Grade 7,Section A,200,167,33,0.835,0.165,27,Subject E,0.775,0.125,0.83,0.84,0.01,0.9,0.1,Moderate Risk,Train
ENHS_SYN_0033,Grade 7,Section A,200,151,49,0.755,0.245,27,Subject C,0.675,0.225,0.78,0.73,-0.05,0.81,0.19,High Risk,Train
ENHS_SYN_0034,Grade 7,Section A,200,175,25,0.875,0.125,19,Subject C,0.8,0.125,0.88,0.87,-0.01,0.88,0.12,Moderate Risk,Train
ENHS_SYN_0035,Grade 7,Section A,200,165,35,0.825,0.175,23,Subject C,0.775,0.1,0.8,0.85,0.05,0.79,0.21,High Risk,Test
ENHS_SYN_0036,Grade 7,Section A,200,184,16,0.92,0.08,15,Subject E,0.85,0.1,0.92,0.92,0.0,0.92,0.08,Moderate Risk,Train
ENHS_SYN_0037,Grade 7,Section A,200,189,11,0.945,0.055,10,Subject B,0.875,0.125,0.92,0.97,0.05,0.99,0.01,Low Risk,Train
ENHS_SYN_0038,Grade 7,Section A,200,158,42,0.79,0.21,29,Subject A,0.775,0.05,0.79,0.79,0.0,0.8,0.2,High Risk,Train
ENHS_SYN_0039,Grade 7,Section A,200,181,19,0.905,0.095,16,Subject C,0.875,0.05,0.88,0.93,0.05,0.92,0.08,Moderate Risk,Train
ENHS_SYN_0040,Grade 7,Section A,200,183,17,0.915,0.085,15,Subject D,0.825,0.15,0.93,0.9,-0.03,0.92,0.08,Moderate Risk,Train
ENHS_SYN_0041,Grade 7,Section A,200,156,44,0.78,0.22,29,Subject E,0.675,0.2,0.81,0.75,-0.06,0.74,0.26,High Risk,Train
ENHS_SYN_0042,Grade 7,Section A,200,186,14,0.93,0.07,13,Subject E,0.9,0.075,0.95,0.91,-0.04,0.97,0.03,Low Risk,Train
ENHS_SYN_0043,Grade 7,Section A,200,166,34,0.83,0.17,21,Subject C,0.8,0.075,0.9,0.76,-0.14,0.82,0.18,High Risk,Train
ENHS_SYN_0044,Grade 7,Section A,200,154,46,0.77,0.23,31,Subject D,0.675,0.175,0.77,0.77,0.0,0.72,0.28,High Risk,Train
ENHS_SYN_0045,Grade 7,Section A,200,167,33,0.835,0.165,22,Subject D,0.7,0.225,0.86,0.81,-0.05,0.84,0.16,Moderate Risk,Train
ENHS_SYN_0046,Grade 7,Section A,200,182,18,0.91,0.09,16,Subject A,0.875,0.075,0.91,0.91,0.0,0.94,0.06,Low Risk,Train
ENHS_SYN_0047,Grade 7,Section A,200,143,57,0.715,0.285,33,Subject A,0.675,0.125,0.69,0.74,0.05,0.76,0.24,High Risk,Train
ENHS_SYN_0048,Grade 7,Section A,200,149,51,0.745,0.255,29,Subject B,0.7,0.15,0.74,0.75,0.01,0.75,0.25,High Risk,Test
ENHS_SYN_0049,Grade 7,Section A,200,162,38,0.81,0.19,26,Subject B,0.75,0.1,0.81,0.81,0.0,0.86,0.14,High Risk,Train
ENHS_SYN_0050,Grade 7,Section A,200,157,43,0.785,0.215,26,Subject A,0.725,0.125,0.81,0.76,-0.05,0.75,0.25,High Risk,Test
ENHS_SYN_0051,Grade 7,Section B,200,177,23,0.885,0.115,21,Subject C,0.75,0.2,0.89,0.88,-0.01,0.9,0.1,Moderate Risk,Train
ENHS_SYN_0052,Grade 7,Section B,200,184,16,0.92,0.08,14,Subject B,0.825,0.175,0.9,0.94,0.04,0.9,0.1,Low Risk,Train
ENHS_SYN_0053,Grade 7,Section B,200,155,45,0.775,0.225,30,Subject D,0.725,0.15,0.81,0.74,-0.07,0.89,0.11,High Risk,Test
ENHS_SYN_0054,Grade 7,Section B,200,145,55,0.725,0.275,30,Subject A,0.675,0.125,0.79,0.66,-0.13,0.74,0.26,High Risk,Train
ENHS_SYN_0055,Grade 7,Section B,200,176,24,0.88,0.12,21,Subject D,0.8,0.175,0.88,0.88,0.0,0.89,0.11,Moderate Risk,Train
ENHS_SYN_0056,Grade 7,Section B,200,193,7,0.965,0.035,6,Subject B,0.95,0.05,0.98,0.95,-0.03,0.97,0.03,Low Risk,Train
ENHS_SYN_0057,Grade 7,Section B,200,180,20,0.9,0.1,15,Subject B,0.85,0.125,0.86,0.94,0.08,0.79,0.21,Moderate Risk,Test
ENHS_SYN_0058,Grade 7,Section B,200,187,13,0.935,0.065,12,Subject E,0.9,0.075,0.92,0.95,0.03,0.95,0.05,Low Risk,Train
ENHS_SYN_0059,Grade 7,Section B,200,192,8,0.96,0.04,6,Subject D,0.9,0.1,0.97,0.95,-0.02,0.95,0.05,Low Risk,Train
ENHS_SYN_0060,Grade 7,Section B,200,160,40,0.8,0.2,24,Subject C,0.75,0.15,0.82,0.78,-0.04,0.82,0.18,Moderate Risk,Train
ENHS_SYN_0061,Grade 7,Section B,200,191,9,0.955,0.045,9,Subject D,0.9,0.1,0.95,0.96,0.01,0.88,0.12,Low Risk,Train
ENHS_SYN_0062,Grade 7,Section B,200,182,18,0.91,0.09,14,Subject A,0.825,0.15,0.89,0.93,0.04,0.9,0.1,Low Risk,Train
ENHS_SYN_0063,Grade 7,Section B,200,187,13,0.935,0.065,12,Subject B,0.9,0.075,0.95,0.92,-0.03,0.98,0.02,Low Risk,Train
ENHS_SYN_0064,Grade 7,Section B,200,173,27,0.865,0.135,22,Subject E,0.8,0.15,0.88,0.85,-0.03,0.91,0.09,Moderate Risk,Train
ENHS_SYN_0065,Grade 7,Section B,200,179,21,0.895,0.105,16,Subject B,0.85,0.125,0.87,0.92,0.05,0.95,0.05,Low Risk,Train
ENHS_SYN_0066,Grade 7,Section B,200,178,22,0.89,0.11,16,Subject D,0.825,0.1,0.88,0.9,0.02,0.96,0.04,Low Risk,Train
ENHS_SYN_0067,Grade 7,Section B,200,160,40,0.8,0.2,23,Subject C,0.75,0.15,0.84,0.76,-0.08,0.87,0.13,Moderate Risk,Train
ENHS_SYN_0068,Grade 7,Section B,200,172,28,0.86,0.14,18,Subject A,0.775,0.15,0.81,0.91,0.1,0.87,0.13,Moderate Risk,Train
ENHS_SYN_0069,Grade 7,Section B,200,150,50,0.75,0.25,29,Subject E,0.7,0.1,0.69,0.81,0.12,0.74,0.26,High Risk,Train
ENHS_SYN_0070,Grade 7,Section B,200,157,43,0.785,0.215,31,Subject A,0.725,0.15,0.84,0.73,-0.11,0.91,0.09,High Risk,Train
ENHS_SYN_0071,Grade 7,Section B,200,193,7,0.965,0.035,7,Subject A,0.95,0.05,0.98,0.95,-0.03,0.97,0.03,Low Risk,Test
ENHS_SYN_0072,Grade 7,Section B,200,191,9,0.955,0.045,8,Subject D,0.875,0.125,0.96,0.95,-0.01,0.97,0.03,Low Risk,Train
ENHS_SYN_0073,Grade 7,Section B,200,179,21,0.895,0.105,16,Subject A,0.85,0.1,0.87,0.92,0.05,0.92,0.08,Low Risk,Train
ENHS_SYN_0074,Grade 7,Section B,200,152,48,0.76,0.24,28,Subject D,0.675,0.2,0.77,0.75,-0.02,0.85,0.15,High Risk,Test
ENHS_SYN_0075,Grade 7,Section B,200,192,8,0.96,0.04,8,Subject E,0.925,0.05,0.97,0.95,-0.02,0.92,0.08,Low Risk,Train
ENHS_SYN_0076,Grade 7,Section B,200,186,14,0.93,0.07,12,Subject D,0.9,0.075,0.91,0.95,0.04,0.95,0.05,Low Risk,Test
ENHS_SYN_0077,Grade 7,Section B,200,168,32,0.84,0.16,21,Subject C,0.8,0.075,0.84,0.84,0.0,0.89,0.11,Moderate Risk,Train
ENHS_SYN_0078,Grade 7,Section B,200,188,12,0.94,0.06,10,Subject C,0.875,0.125,0.93,0.95,0.02,0.9,0.1,Low Risk,Train
ENHS_SYN_0079,Grade 7,Section B,200,179,21,0.895,0.105,18,Subject A,0.85,0.1,0.91,0.88,-0.03,0.83,0.17,Moderate Risk,Train
ENHS_SYN_0080,Grade 7,Section B,200,178,22,0.89,0.11,17,Subject E,0.775,0.2,0.91,0.87,-0.04,0.91,0.09,Moderate Risk,Train
ENHS_SYN_0081,Grade 7,Section B,200,189,11,0.945,0.055,10,Subject D,0.875,0.125,0.96,0.93,-0.03,0.9,0.1,Moderate Risk,Train
ENHS_SYN_0082,Grade 7,Section B,200,171,29,0.855,0.145,23,Subject C,0.775,0.125,0.85,0.86,0.01,0.88,0.12,Moderate Risk,Test
ENHS_SYN_0083,Grade 7,Section B,200,194,6,0.97,0.03,6,Subject C,0.95,0.05,0.97,0.97,0.0,0.94,0.06,Low Risk,Train
ENHS_SYN_0084,Grade 7,Section B,200,173,27,0.865,0.135,21,Subject D,0.775,0.15,0.88,0.85,-0.03,0.9,0.1,Moderate Risk,Train
ENHS_SYN_0085,Grade 7,Section B,200,164,36,0.82,0.18,23,Subject E,0.75,0.15,0.84,0.8,-0.04,0.79,0.21,High Risk,Train
ENHS_SYN_0086,Grade 7,Section B,200,181,19,0.905,0.095,16,Subject A,0.875,0.075,0.89,0.92,0.03,0.89,0.11,Low Risk,Train
ENHS_SYN_0087,Grade 7,Section B,200,183,17,0.915,0.085,15,Subject B,0.8,0.175,0.93,0.9,-0.03,0.94,0.06,Moderate Risk,Train
ENHS_SYN_0088,Grade 7,Section B,200,191,9,0.955,0.045,8,Subject D,0.9,0.075,0.94,0.97,0.03,0.97,0.03,Low Risk,Train
ENHS_SYN_0089,Grade 7,Section B,200,167,33,0.835,0.165,22,Subject C,0.725,0.25,0.87,0.8,-0.07,0.96,0.04,Moderate Risk,Train
ENHS_SYN_0090,Grade 7,Section B,200,193,7,0.965,0.035,7,Subject C,0.925,0.05,0.96,0.97,0.01,0.95,0.05,Low Risk,Train
ENHS_SYN_0091,Grade 7,Section B,200,182,18,0.91,0.09,14,Subject D,0.825,0.15,0.93,0.89,-0.04,0.9,0.1,Low Risk,Train
ENHS_SYN_0092,Grade 7,Section B,200,173,27,0.865,0.135,20,Subject E,0.775,0.175,0.86,0.87,0.01,0.87,0.13,Moderate Risk,Train
ENHS_SYN_0093,Grade 7,Section B,200,193,7,0.965,0.035,7,Subject E,0.925,0.075,0.97,0.96,-0.01,0.98,0.02,Low Risk,Train
ENHS_SYN_0094,Grade 7,Section B,200,146,54,0.73,0.27,31,Subject E,0.65,0.125,0.67,0.79,0.12,0.78,0.22,High Risk,Train
ENHS_SYN_0095,Grade 7,Section B,200,182,18,0.91,0.09,16,Subject C,0.875,0.075,0.91,0.91,0.0,0.92,0.08,Moderate Risk,Train
ENHS_SYN_0096,Grade 7,Section B,200,167,33,0.835,0.165,24,Subject A,0.825,0.025,0.87,0.8,-0.07,0.81,0.19,High Risk,Train
ENHS_SYN_0097,Grade 7,Section B,200,181,19,0.905,0.095,15,Subject E,0.85,0.1,0.9,0.91,0.01,0.9,0.1,Low Risk,Test
ENHS_SYN_0098,Grade 7,Section B,200,172,28,0.86,0.14,21,Subject B,0.825,0.075,0.87,0.85,-0.02,0.81,0.19,Moderate Risk,Train
ENHS_SYN_0099,Grade 7,Section B,200,169,31,0.845,0.155,23,Subject D,0.8,0.125,0.86,0.83,-0.03,0.88,0.12,High Risk,Train
ENHS_SYN_0100,Grade 7,Section B,200,170,30,0.85,0.15,21,Subject A,0.75,0.15,0.84,0.86,0.02,0.77,0.23,High Risk,Train
ENHS_SYN_0101,Grade 7,Section C,200,152,48,0.76,0.24,28,Subject E,0.7,0.1,0.74,0.78,0.04,0.74,0.26,High Risk,Test
ENHS_SYN_0102,Grade 7,Section C,200,165,35,0.825,0.175,26,Subject B,0.8,0.075,0.83,0.82,-0.01,0.84,0.16,High Risk,Train
ENHS_SYN_0103,Grade 7,Section C,200,164,36,0.82,0.18,25,Subject C,0.725,0.225,0.8,0.84,0.04,0.79,0.21,High Risk,Train
ENHS_SYN_0104,Grade 7,Section C,200,184,16,0.92,0.08,14,Subject D,0.875,0.1,0.91,0.93,0.02,0.85,0.15,Moderate Risk,Test
ENHS_SYN_0105,Grade 7,Section C,200,167,33,0.835,0.165,22,Subject B,0.8,0.075,0.84,0.83,-0.01,0.82,0.18,Moderate Risk,Train
ENHS_SYN_0106,Grade 7,Section C,200,177,23,0.885,0.115,17,Subject C,0.8,0.125,0.92,0.85,-0.07,0.94,0.06,Low Risk,Train
ENHS_SYN_0107,Grade 7,Section C,200,175,25,0.875,0.125,20,Subject E,0.825,0.1,0.88,0.87,-0.01,0.94,0.06,Moderate Risk,Test
ENHS_SYN_0108,Grade 7,Section C,200,176,24,0.88,0.12,21,Subject A,0.825,0.125,0.86,0.9,0.04,0.88,0.12,Moderate Risk,Train
ENHS_SYN_0109,Grade 7,Section C,200,181,19,0.905,0.095,17,Subject C,0.875,0.1,0.88,0.93,0.05,0.95,0.05,Low Risk,Train
ENHS_SYN_0110,Grade 7,Section C,200,157,43,0.785,0.215,30,Subject B,0.725,0.15,0.78,0.79,0.01,0.78,0.22,High Risk,Train
ENHS_SYN_0111,Grade 7,Section C,200,155,45,0.775,0.225,27,Subject E,0.675,0.15,0.83,0.72,-0.11,0.78,0.22,High Risk,Test
ENHS_SYN_0112,Grade 7,Section C,200,185,15,0.925,0.075,13,Subject D,0.85,0.125,0.95,0.9,-0.05,1.0,0.0,Low Risk,Train
ENHS_SYN_0113,Grade 7,Section C,200,182,18,0.91,0.09,16,Subject B,0.85,0.125,0.91,0.91,0.0,0.92,0.08,Moderate Risk,Test
ENHS_SYN_0114,Grade 7,Section C,200,194,6,0.97,0.03,6,Subject D,0.925,0.075,0.99,0.95,-0.04,0.98,0.02,Low Risk,Train
ENHS_SYN_0115,Grade 7,Section C,200,194,6,0.97,0.03,6,Subject A,0.925,0.075,0.96,0.98,0.02,0.98,0.02,Low Risk,Train
ENHS_SYN_0116,Grade 7,Section C,200,185,15,0.925,0.075,12,Subject D,0.875,0.1,0.95,0.9,-0.05,0.88,0.12,Low Risk,Test
ENHS_SYN_0117,Grade 7,Section C,200,185,15,0.925,0.075,14,Subject C,0.85,0.15,0.94,0.91,-0.03,0.94,0.06,Moderate Risk,Train
ENHS_SYN_0118,Grade 7,Section C,200,145,55,0.725,0.275,32,Subject C,0.65,0.175,0.68,0.77,0.09,0.83,0.17,High Risk,Train
ENHS_SYN_0119,Grade 7,Section C,200,184,16,0.92,0.08,15,Subject D,0.9,0.05,0.93,0.91,-0.02,0.91,0.09,Low Risk,Train
ENHS_SYN_0120,Grade 7,Section C,200,180,20,0.9,0.1,16,Subject C,0.875,0.075,0.92,0.88,-0.04,0.9,0.1,Moderate Risk,Test
ENHS_SYN_0121,Grade 7,Section C,200,190,10,0.95,0.05,8,Subject E,0.9,0.1,0.93,0.97,0.04,0.96,0.04,Low Risk,Test
ENHS_SYN_0122,Grade 7,Section C,200,184,16,0.92,0.08,15,Subject C,0.875,0.075,0.94,0.9,-0.04,0.93,0.07,Low Risk,Train
ENHS_SYN_0123,Grade 7,Section C,200,171,29,0.855,0.145,22,Subject E,0.75,0.225,0.85,0.86,0.01,0.82,0.18,High Risk,Train
ENHS_SYN_0124,Grade 7,Section C,200,198,2,0.99,0.01,2,Subject A,0.975,0.025,0.99,0.99,0.0,0.97,0.03,Low Risk,Test
ENHS_SYN_0125,Grade 7,Section C,200,192,8,0.96,0.04,8,Subject A,0.95,0.05,0.96,0.96,0.0,1.0,0.0,Low Risk,Train
ENHS_SYN_0126,Grade 7,Section C,200,151,49,0.755,0.245,34,Subject B,0.65,0.225,0.72,0.79,0.07,0.7,0.3,High Risk,Train
ENHS_SYN_0127,Grade 7,Section C,200,142,58,0.71,0.29,34,Subject B,0.65,0.1,0.74,0.68,-0.06,0.73,0.27,High Risk,Train
ENHS_SYN_0128,Grade 7,Section C,200,155,45,0.775,0.225,29,Subject C,0.725,0.175,0.73,0.82,0.09,0.77,0.23,High Risk,Train
ENHS_SYN_0129,Grade 7,Section C,200,168,32,0.84,0.16,22,Subject C,0.75,0.15,0.88,0.8,-0.08,0.92,0.08,High Risk,Test
ENHS_SYN_0130,Grade 7,Section C,200,186,14,0.93,0.07,11,Subject D,0.875,0.125,0.93,0.93,0.0,0.89,0.11,Low Risk,Train
ENHS_SYN_0131,Grade 7,Section C,200,158,42,0.79,0.21,28,Subject D,0.725,0.15,0.79,0.79,0.0,0.8,0.2,High Risk,Train
ENHS_SYN_0132,Grade 7,Section C,200,164,36,0.82,0.18,27,Subject E,0.75,0.1,0.84,0.8,-0.04,0.87,0.13,Moderate Risk,Train
ENHS_SYN_0133,Grade 7,Section C,200,184,16,0.92,0.08,13,Subject E,0.875,0.075,0.94,0.9,-0.04,0.9,0.1,Low Risk,Train
ENHS_SYN_0134,Grade 7,Section C,200,184,16,0.92,0.08,14,Subject E,0.85,0.125,0.93,0.91,-0.02,0.87,0.13,Low Risk,Test
ENHS_SYN_0135,Grade 7,Section C,200,176,24,0.88,0.12,19,Subject B,0.825,0.1,0.86,0.9,0.04,0.84,0.16,Moderate Risk,Train
ENHS_SYN_0136,Grade 7,Section C,200,181,19,0.905,0.095,17,Subject E,0.85,0.1,0.93,0.88,-0.05,0.92,0.08,Low Risk,Test
ENHS_SYN_0137,Grade 7,Section C,200,179,21,0.895,0.105,18,Subject D,0.825,0.15,0.89,0.9,0.01,0.91,0.09,Low Risk,Test
ENHS_SYN_0138,Grade 7,Section C,200,150,50,0.75,0.25,31,Subject A,0.65,0.2,0.76,0.74,-0.02,0.65,0.35,High Risk,Train
ENHS_SYN_0139,Grade 7,Section C,200,170,30,0.85,0.15,22,Subject A,0.8,0.125,0.86,0.84,-0.02,0.92,0.08,Moderate Risk,Train
ENHS_SYN_0140,Grade 7,Section C,200,188,12,0.94,0.06,11,Subject A,0.925,0.05,0.93,0.95,0.02,0.97,0.03,Low Risk,Train
ENHS_SYN_0141,Grade 7,Section C,200,181,19,0.905,0.095,15,Subject E,0.825,0.15,0.9,0.91,0.01,0.92,0.08,Low Risk,Test
ENHS_SYN_0142,Grade 7,Section C,200,158,42,0.79,0.21,26,Subject A,0.775,0.025,0.77,0.81,0.04,0.86,0.14,High Risk,Train
ENHS_SYN_0143,Grade 7,Section C,200,173,27,0.865,0.135,19,Subject B,0.825,0.1,0.81,0.92,0.11,0.85,0.15,Moderate Risk,Train
ENHS_SYN_0144,Grade 7,Section C,200,168,32,0.84,0.16,24,Subject D,0.8,0.1,0.83,0.85,0.02,0.77,0.23,High Risk,Train
ENHS_SYN_0145,Grade 7,Section C,200,187,13,0.935,0.065,11,Subject D,0.8,0.2,0.97,0.9,-0.07,0.96,0.04,Low Risk,Train
ENHS_SYN_0146,Grade 7,Section C,200,192,8,0.96,0.04,7,Subject D,0.925,0.075,0.95,0.97,0.02,0.97,0.03,Low Risk,Train
ENHS_SYN_0147,Grade 7,Section C,200,173,27,0.865,0.135,20,Subject E,0.8,0.125,0.89,0.84,-0.05,0.88,0.12,Moderate Risk,Test
ENHS_SYN_0148,Grade 7,Section C,200,164,36,0.82,0.18,26,Subject D,0.775,0.1,0.82,0.82,0.0,0.8,0.2,Moderate Risk,Test
ENHS_SYN_0149,Grade 7,Section C,200,187,13,0.935,0.065,13,Subject C,0.9,0.1,0.93,0.94,0.01,0.86,0.14,Low Risk,Train
ENHS_SYN_0150,Grade 7,Section C,200,144,56,0.72,0.28,33,Subject A,0.675,0.125,0.73,0.71,-0.02,0.74,0.26,High Risk,Train
ENHS_SYN_0151,Grade 8,Section A,200,164,36,0.82,0.18,26,Subject A,0.75,0.15,0.78,0.86,0.08,0.91,0.09,Moderate Risk,Train
ENHS_SYN_0152,Grade 8,Section A,200,171,29,0.855,0.145,24,Subject D,0.625,0.325,0.87,0.84,-0.03,0.72,0.28,Moderate Risk,Train
ENHS_SYN_0153,Grade 8,Section A,200,179,21,0.895,0.105,17,Subject B,0.825,0.15,0.94,0.85,-0.09,0.93,0.07,Moderate Risk,Train
ENHS_SYN_0154,Grade 8,Section A,200,167,33,0.835,0.165,21,Subject A,0.775,0.125,0.88,0.79,-0.09,0.8,0.2,Moderate Risk,Train
ENHS_SYN_0155,Grade 8,Section A,200,167,33,0.835,0.165,22,Subject C,0.8,0.075,0.78,0.89,0.11,0.8,0.2,Moderate Risk,Train
ENHS_SYN_0156,Grade 8,Section A,200,186,14,0.93,0.07,11,Subject C,0.9,0.05,0.93,0.93,0.0,0.9,0.1,Low Risk,Train
ENHS_SYN_0157,Grade 8,Section A,200,184,16,0.92,0.08,12,Subject A,0.9,0.05,0.91,0.93,0.02,0.93,0.07,Low Risk,Test
ENHS_SYN_0158,Grade 8,Section A,200,177,23,0.885,0.115,17,Subject B,0.825,0.1,0.88,0.89,0.01,0.83,0.17,Moderate Risk,Train
ENHS_SYN_0159,Grade 8,Section A,200,183,17,0.915,0.085,13,Subject A,0.875,0.075,0.88,0.95,0.07,0.89,0.11,Low Risk,Train
ENHS_SYN_0160,Grade 8,Section A,200,166,34,0.83,0.17,24,Subject E,0.775,0.1,0.82,0.84,0.02,0.84,0.16,High Risk,Train
ENHS_SYN_0161,Grade 8,Section A,200,193,7,0.965,0.035,6,Subject D,0.925,0.075,0.97,0.96,-0.01,0.93,0.07,Moderate Risk,Train
ENHS_SYN_0162,Grade 8,Section A,200,137,63,0.685,0.315,32,Subject D,0.625,0.175,0.72,0.65,-0.07,0.73,0.27,High Risk,Train
ENHS_SYN_0163,Grade 8,Section A,200,184,16,0.92,0.08,13,Subject E,0.85,0.1,0.94,0.9,-0.04,0.9,0.1,Low Risk,Train
ENHS_SYN_0164,Grade 8,Section A,200,194,6,0.97,0.03,5,Subject D,0.95,0.05,0.97,0.97,0.0,0.9,0.1,Low Risk,Train
ENHS_SYN_0165,Grade 8,Section A,200,162,38,0.81,0.19,23,Subject B,0.725,0.225,0.84,0.78,-0.06,0.76,0.24,High Risk,Train
ENHS_SYN_0166,Grade 8,Section A,200,184,16,0.92,0.08,14,Subject E,0.8,0.175,0.94,0.9,-0.04,0.92,0.08,Moderate Risk,Test
ENHS_SYN_0167,Grade 8,Section A,200,187,13,0.935,0.065,13,Subject D,0.9,0.05,0.91,0.96,0.05,0.9,0.1,Low Risk,Train
ENHS_SYN_0168,Grade 8,Section A,200,145,55,0.725,0.275,34,Subject B,0.575,0.225,0.78,0.67,-0.11,0.78,0.22,High Risk,Train
ENHS_SYN_0169,Grade 8,Section A,200,161,39,0.805,0.195,27,Subject E,0.775,0.075,0.8,0.81,0.01,0.88,0.12,Moderate Risk,Train
ENHS_SYN_0170,Grade 8,Section A,200,186,14,0.93,0.07,13,Subject C,0.85,0.125,0.96,0.9,-0.06,0.97,0.03,Low Risk,Train
ENHS_SYN_0171,Grade 8,Section A,200,174,26,0.87,0.13,22,Subject B,0.775,0.2,0.85,0.89,0.04,0.91,0.09,Moderate Risk,Train
ENHS_SYN_0172,Grade 8,Section A,200,152,48,0.76,0.24,34,Subject A,0.7,0.15,0.76,0.76,0.0,0.79,0.21,High Risk,Train
ENHS_SYN_0173,Grade 8,Section A,200,153,47,0.765,0.235,27,Subject C,0.675,0.15,0.75,0.78,0.03,0.74,0.26,High Risk,Train
ENHS_SYN_0174,Grade 8,Section A,200,182,18,0.91,0.09,16,Subject C,0.85,0.1,0.91,0.91,0.0,0.81,0.19,Moderate Risk,Train
ENHS_SYN_0175,Grade 8,Section A,200,153,47,0.765,0.235,29,Subject A,0.7,0.15,0.77,0.76,-0.01,0.88,0.12,High Risk,Train
ENHS_SYN_0176,Grade 8,Section A,200,184,16,0.92,0.08,14,Subject E,0.85,0.125,0.9,0.94,0.04,0.89,0.11,Low Risk,Train
ENHS_SYN_0177,Grade 8,Section A,200,171,29,0.855,0.145,23,Subject E,0.775,0.175,0.88,0.83,-0.05,0.83,0.17,High Risk,Train
ENHS_SYN_0178,Grade 8,Section A,200,177,23,0.885,0.115,19,Subject D,0.8,0.125,0.88,0.89,0.01,0.84,0.16,High Risk,Train
ENHS_SYN_0179,Grade 8,Section A,200,181,19,0.905,0.095,15,Subject E,0.85,0.1,0.92,0.89,-0.03,0.78,0.22,Moderate Risk,Train
ENHS_SYN_0180,Grade 8,Section A,200,173,27,0.865,0.135,18,Subject C,0.775,0.175,0.87,0.86,-0.01,0.84,0.16,High Risk,Train
ENHS_SYN_0181,Grade 8,Section A,200,193,7,0.965,0.035,7,Subject B,0.95,0.05,0.99,0.94,-0.05,0.97,0.03,Low Risk,Train
ENHS_SYN_0182,Grade 8,Section A,200,148,52,0.74,0.26,32,Subject C,0.675,0.125,0.74,0.74,0.0,0.82,0.18,High Risk,Train
ENHS_SYN_0183,Grade 8,Section A,200,192,8,0.96,0.04,8,Subject C,0.9,0.1,0.97,0.95,-0.02,0.93,0.07,Low Risk,Train
ENHS_SYN_0184,Grade 8,Section A,200,145,55,0.725,0.275,30,Subject E,0.625,0.175,0.76,0.69,-0.07,0.73,0.27,High Risk,Train
ENHS_SYN_0185,Grade 8,Section A,200,157,43,0.785,0.215,30,Subject C,0.725,0.125,0.77,0.8,0.03,0.8,0.2,High Risk,Train
ENHS_SYN_0186,Grade 8,Section A,200,166,34,0.83,0.17,24,Subject C,0.775,0.125,0.8,0.86,0.06,0.82,0.18,High Risk,Train
ENHS_SYN_0187,Grade 8,Section A,200,187,13,0.935,0.065,12,Subject D,0.9,0.075,0.94,0.93,-0.01,0.95,0.05,Low Risk,Train
ENHS_SYN_0188,Grade 8,Section A,200,175,25,0.875,0.125,21,Subject C,0.775,0.225,0.87,0.88,0.01,0.91,0.09,Low Risk,Train
ENHS_SYN_0189,Grade 8,Section A,200,158,42,0.79,0.21,28,Subject A,0.725,0.175,0.85,0.73,-0.12,0.65,0.35,High Risk,Train
ENHS_SYN_0190,Grade 8,Section A,200,156,44,0.78,0.22,32,Subject E,0.7,0.15,0.79,0.77,-0.02,0.78,0.22,High Risk,Train
ENHS_SYN_0191,Grade 8,Section A,200,190,10,0.95,0.05,9,Subject A,0.925,0.05,0.94,0.96,0.02,1.0,0.0,Low Risk,Train
ENHS_SYN_0192,Grade 8,Section A,200,183,17,0.915,0.085,16,Subject E,0.825,0.15,0.92,0.91,-0.01,0.92,0.08,Moderate Risk,Train
ENHS_SYN_0193,Grade 8,Section A,200,177,23,0.885,0.115,18,Subject E,0.825,0.1,0.89,0.88,-0.01,0.88,0.12,Moderate Risk,Train
ENHS_SYN_0194,Grade 8,Section A,200,184,16,0.92,0.08,12,Subject D,0.8,0.175,0.91,0.93,0.02,0.91,0.09,Low Risk,Train
ENHS_SYN_0195,Grade 8,Section A,200,162,38,0.81,0.19,24,Subject E,0.775,0.05,0.73,0.89,0.16,0.83,0.17,High Risk,Train
ENHS_SYN_0196,Grade 8,Section A,200,175,25,0.875,0.125,21,Subject A,0.825,0.1,0.9,0.85,-0.05,0.93,0.07,Moderate Risk,Train
ENHS_SYN_0197,Grade 8,Section A,200,185,15,0.925,0.075,12,Subject D,0.875,0.1,0.96,0.89,-0.07,0.92,0.08,Low Risk,Train
ENHS_SYN_0198,Grade 8,Section A,200,167,33,0.835,0.165,24,Subject E,0.75,0.15,0.81,0.86,0.05,0.8,0.2,Moderate Risk,Train
ENHS_SYN_0199,Grade 8,Section A,200,188,12,0.94,0.06,10,Subject E,0.85,0.125,0.91,0.97,0.06,0.92,0.08,Moderate Risk,Test
ENHS_SYN_0200,Grade 8,Section A,200,172,28,0.86,0.14,18,Subject E,0.8,0.15,0.85,0.87,0.02,0.9,0.1,Moderate Risk,Train
ENHS_SYN_0201,Grade 8,Section B,200,186,14,0.93,0.07,13,Subject C,0.9,0.075,0.92,0.94,0.02,0.89,0.11,Low Risk,Train
ENHS_SYN_0202,Grade 8,Section B,200,193,7,0.965,0.035,6,Subject E,0.925,0.05,0.97,0.96,-0.01,0.91,0.09,Low Risk,Train
ENHS_SYN_0203,Grade 8,Section B,200,196,4,0.98,0.02,4,Subject E,0.95,0.05,0.98,0.98,0.0,0.94,0.06,Low Risk,Train
ENHS_SYN_0204,Grade 8,Section B,200,145,55,0.725,0.275,32,Subject A,0.675,0.175,0.82,0.63,-0.19,0.76,0.24,High Risk,Train
ENHS_SYN_0205,Grade 8,Section B,200,177,23,0.885,0.115,17,Subject D,0.8,0.15,0.89,0.88,-0.01,0.92,0.08,Low Risk,Train
ENHS_SYN_0206,Grade 8,Section B,200,163,37,0.815,0.185,25,Subject B,0.775,0.075,0.76,0.87,0.11,0.85,0.15,Moderate Risk,Train
ENHS_SYN_0207,Grade 8,Section B,200,172,28,0.86,0.14,20,Subject B,0.8,0.15,0.83,0.89,0.06,0.79,0.21,High Risk,Test
ENHS_SYN_0208,Grade 8,Section B,200,144,56,0.72,0.28,31,Subject B,0.7,0.05,0.67,0.77,0.1,0.66,0.34,High Risk,Train
ENHS_SYN_0209,Grade 8,Section B,200,180,20,0.9,0.1,14,Subject D,0.825,0.125,0.9,0.9,0.0,0.87,0.13,Moderate Risk,Train
ENHS_SYN_0210,Grade 8,Section B,200,186,14,0.93,0.07,13,Subject A,0.9,0.075,0.93,0.93,0.0,0.95,0.05,Low Risk,Train
ENHS_SYN_0211,Grade 8,Section B,200,190,10,0.95,0.05,9,Subject C,0.9,0.1,0.94,0.96,0.02,0.99,0.01,Low Risk,Train
ENHS_SYN_0212,Grade 8,Section B,200,154,46,0.77,0.23,27,Subject D,0.725,0.125,0.75,0.79,0.04,0.78,0.22,High Risk,Train
ENHS_SYN_0213,Grade 8,Section B,200,170,30,0.85,0.15,23,Subject D,0.8,0.1,0.91,0.79,-0.12,0.85,0.15,Moderate Risk,Train
ENHS_SYN_0214,Grade 8,Section B,200,145,55,0.725,0.275,29,Subject D,0.625,0.175,0.77,0.68,-0.09,0.66,0.34,High Risk,Train
ENHS_SYN_0215,Grade 8,Section B,200,197,3,0.985,0.015,3,Subject A,0.975,0.025,0.99,0.98,-0.01,0.99,0.01,Low Risk,Train
ENHS_SYN_0216,Grade 8,Section B,200,188,12,0.94,0.06,10,Subject B,0.8,0.2,0.91,0.97,0.06,0.96,0.04,Low Risk,Train
ENHS_SYN_0217,Grade 8,Section B,200,156,44,0.78,0.22,27,Subject B,0.7,0.15,0.8,0.76,-0.04,0.75,0.25,High Risk,Train
ENHS_SYN_0218,Grade 8,Section B,200,189,11,0.945,0.055,9,Subject D,0.9,0.075,0.93,0.96,0.03,0.94,0.06,Low Risk,Train
ENHS_SYN_0219,Grade 8,Section B,200,150,50,0.75,0.25,31,Subject A,0.7,0.125,0.78,0.72,-0.06,0.76,0.24,High Risk,Train
ENHS_SYN_0220,Grade 8,Section B,200,169,31,0.845,0.155,21,Subject B,0.825,0.05,0.85,0.84,-0.01,0.86,0.14,Moderate Risk,Train
ENHS_SYN_0221,Grade 8,Section B,200,186,14,0.93,0.07,11,Subject B,0.875,0.1,0.95,0.91,-0.04,0.92,0.08,Low Risk,Train
ENHS_SYN_0222,Grade 8,Section B,200,165,35,0.825,0.175,25,Subject D,0.775,0.1,0.82,0.83,0.01,0.82,0.18,Moderate Risk,Train
ENHS_SYN_0223,Grade 8,Section B,200,194,6,0.97,0.03,6,Subject A,0.95,0.05,0.95,0.99,0.04,0.96,0.04,Low Risk,Train
ENHS_SYN_0224,Grade 8,Section B,200,169,31,0.845,0.155,23,Subject D,0.75,0.125,0.81,0.88,0.07,0.7,0.3,High Risk,Train
ENHS_SYN_0225,Grade 8,Section B,200,177,23,0.885,0.115,17,Subject A,0.85,0.1,0.9,0.87,-0.03,0.88,0.12,Moderate Risk,Train
ENHS_SYN_0226,Grade 8,Section B,200,181,19,0.905,0.095,18,Subject C,0.85,0.1,0.9,0.91,0.01,0.96,0.04,Moderate Risk,Train
ENHS_SYN_0227,Grade 8,Section B,200,157,43,0.785,0.215,28,Subject E,0.7,0.175,0.74,0.83,0.09,0.79,0.21,High Risk,Train
ENHS_SYN_0228,Grade 8,Section B,200,172,28,0.86,0.14,19,Subject A,0.825,0.075,0.86,0.86,0.0,0.95,0.05,Moderate Risk,Test
ENHS_SYN_0229,Grade 8,Section B,200,173,27,0.865,0.135,22,Subject A,0.8,0.125,0.85,0.88,0.03,0.91,0.09,Moderate Risk,Train
ENHS_SYN_0230,Grade 8,Section B,200,149,51,0.745,0.255,30,Subject C,0.7,0.125,0.77,0.72,-0.05,0.73,0.27,High Risk,Test
ENHS_SYN_0231,Grade 8,Section B,200,178,22,0.89,0.11,18,Subject E,0.825,0.125,0.91,0.87,-0.04,0.79,0.21,Moderate Risk,Test
ENHS_SYN_0232,Grade 8,Section B,200,186,14,0.93,0.07,12,Subject E,0.825,0.175,0.94,0.92,-0.02,0.95,0.05,Low Risk,Train
ENHS_SYN_0233,Grade 8,Section B,200,176,24,0.88,0.12,22,Subject C,0.8,0.125,0.86,0.9,0.04,0.88,0.12,Moderate Risk,Train
ENHS_SYN_0234,Grade 8,Section B,200,153,47,0.765,0.235,31,Subject D,0.625,0.25,0.79,0.74,-0.05,0.78,0.22,High Risk,Test
ENHS_SYN_0235,Grade 8,Section B,200,170,30,0.85,0.15,23,Subject A,0.775,0.15,0.89,0.81,-0.08,0.87,0.13,Moderate Risk,Train
ENHS_SYN_0236,Grade 8,Section B,200,184,16,0.92,0.08,15,Subject D,0.875,0.075,0.93,0.91,-0.02,0.95,0.05,Moderate Risk,Train
ENHS_SYN_0237,Grade 8,Section B,200,174,26,0.87,0.13,19,Subject C,0.8,0.15,0.9,0.84,-0.06,0.9,0.1,Moderate Risk,Train
ENHS_SYN_0238,Grade 8,Section B,200,146,54,0.73,0.27,34,Subject B,0.675,0.15,0.76,0.7,-0.06,0.78,0.22,High Risk,Train
ENHS_SYN_0239,Grade 8,Section B,200,147,53,0.735,0.265,35,Subject B,0.65,0.15,0.72,0.75,0.03,0.82,0.18,Moderate Risk,Train
ENHS_SYN_0240,Grade 8,Section B,200,190,10,0.95,0.05,8,Subject E,0.9,0.1,0.96,0.94,-0.02,0.93,0.07,Low Risk,Train
ENHS_SYN_0241,Grade 8,Section B,200,185,15,0.925,0.075,12,Subject C,0.875,0.1,0.91,0.94,0.03,0.95,0.05,Low Risk,Train
ENHS_SYN_0242,Grade 8,Section B,200,169,31,0.845,0.155,23,Subject D,0.75,0.15,0.86,0.83,-0.03,0.85,0.15,High Risk,Test
ENHS_SYN_0243,Grade 8,Section B,200,186,14,0.93,0.07,12,Subject C,0.875,0.125,0.94,0.92,-0.02,0.92,0.08,Moderate Risk,Test
ENHS_SYN_0244,Grade 8,Section B,200,181,19,0.905,0.095,14,Subject E,0.85,0.125,0.9,0.91,0.01,0.94,0.06,Moderate Risk,Train
ENHS_SYN_0245,Grade 8,Section B,200,170,30,0.85,0.15,23,Subject C,0.75,0.225,0.86,0.84,-0.02,0.9,0.1,Moderate Risk,Train
ENHS_SYN_0246,Grade 8,Section B,200,177,23,0.885,0.115,21,Subject A,0.85,0.075,0.89,0.88,-0.01,0.94,0.06,Moderate Risk,Test
ENHS_SYN_0247,Grade 8,Section B,200,172,28,0.86,0.14,21,Subject B,0.8,0.15,0.87,0.85,-0.02,0.88,0.12,High Risk,Train
ENHS_SYN_0248,Grade 8,Section B,200,166,34,0.83,0.17,26,Subject A,0.8,0.075,0.82,0.84,0.02,0.72,0.28,High Risk,Train
ENHS_SYN_0249,Grade 8,Section B,200,188,12,0.94,0.06,10,Subject C,0.9,0.1,0.93,0.95,0.02,0.96,0.04,Low Risk,Train
ENHS_SYN_0250,Grade 8,Section B,200,187,13,0.935,0.065,12,Subject E,0.85,0.15,0.93,0.94,0.01,0.96,0.04,Low Risk,Test
ENHS_SYN_0251,Grade 8,Section C,200,185,15,0.925,0.075,11,Subject C,0.9,0.05,0.91,0.94,0.03,0.96,0.04,Low Risk,Train
ENHS_SYN_0252,Grade 8,Section C,200,177,23,0.885,0.115,17,Subject B,0.825,0.125,0.9,0.87,-0.03,0.86,0.14,Moderate Risk,Train
ENHS_SYN_0253,Grade 8,Section C,200,186,14,0.93,0.07,11,Subject E,0.875,0.1,0.93,0.93,0.0,0.96,0.04,Low Risk,Test
ENHS_SYN_0254,Grade 8,Section C,200,173,27,0.865,0.135,22,Subject D,0.75,0.2,0.81,0.92,0.11,0.9,0.1,High Risk,Train
ENHS_SYN_0255,Grade 8,Section C,200,150,50,0.75,0.25,31,Subject D,0.65,0.25,0.79,0.71,-0.08,0.8,0.2,High Risk,Train
ENHS_SYN_0256,Grade 8,Section C,200,173,27,0.865,0.135,19,Subject E,0.775,0.175,0.84,0.89,0.05,0.83,0.17,Moderate Risk,Train
ENHS_SYN_0257,Grade 8,Section C,200,151,49,0.755,0.245,28,Subject B,0.675,0.175,0.77,0.74,-0.03,0.81,0.19,High Risk,Train
ENHS_SYN_0258,Grade 8,Section C,200,169,31,0.845,0.155,22,Subject E,0.775,0.15,0.84,0.85,0.01,0.79,0.21,High Risk,Train
ENHS_SYN_0259,Grade 8,Section C,200,188,12,0.94,0.06,11,Subject C,0.925,0.025,0.92,0.96,0.04,0.9,0.1,Low Risk,Train
ENHS_SYN_0260,Grade 8,Section C,200,158,42,0.79,0.21,23,Subject D,0.675,0.2,0.77,0.81,0.04,0.81,0.19,High Risk,Train
ENHS_SYN_0261,Grade 8,Section C,200,160,40,0.8,0.2,29,Subject C,0.75,0.075,0.83,0.77,-0.06,0.73,0.27,High Risk,Train
ENHS_SYN_0262,Grade 8,Section C,200,172,28,0.86,0.14,20,Subject B,0.8,0.1,0.88,0.84,-0.04,0.91,0.09,Moderate Risk,Train
ENHS_SYN_0263,Grade 8,Section C,200,168,32,0.84,0.16,23,Subject D,0.75,0.125,0.83,0.85,0.02,0.88,0.12,Moderate Risk,Test
ENHS_SYN_0264,Grade 8,Section C,200,138,62,0.69,0.31,35,Subject E,0.575,0.2,0.75,0.63,-0.12,0.67,0.33,High Risk,Train
ENHS_SYN_0265,Grade 8,Section C,200,162,38,0.81,0.19,25,Subject C,0.75,0.1,0.82,0.8,-0.02,0.77,0.23,High Risk,Train
ENHS_SYN_0266,Grade 8,Section C,200,186,14,0.93,0.07,12,Subject A,0.9,0.05,0.93,0.93,0.0,0.91,0.09,Low Risk,Train
ENHS_SYN_0267,Grade 8,Section C,200,148,52,0.74,0.26,29,Subject E,0.65,0.2,0.71,0.77,0.06,0.68,0.32,High Risk,Train
ENHS_SYN_0268,Grade 8,Section C,200,172,28,0.86,0.14,20,Subject B,0.775,0.225,0.8,0.92,0.12,0.79,0.21,High Risk,Test
ENHS_SYN_0269,Grade 8,Section C,200,165,35,0.825,0.175,25,Subject D,0.725,0.175,0.85,0.8,-0.05,0.84,0.16,High Risk,Train
ENHS_SYN_0270,Grade 8,Section C,200,189,11,0.945,0.055,11,Subject A,0.925,0.075,0.95,0.94,-0.01,0.96,0.04,Low Risk,Train
ENHS_SYN_0271,Grade 8,Section C,200,179,21,0.895,0.105,15,Subject B,0.85,0.1,0.88,0.91,0.03,0.89,0.11,Low Risk,Test
ENHS_SYN_0272,Grade 8,Section C,200,185,15,0.925,0.075,15,Subject E,0.85,0.15,0.91,0.94,0.03,0.9,0.1,Low Risk,Train
ENHS_SYN_0273,Grade 8,Section C,200,189,11,0.945,0.055,11,Subject C,0.9,0.075,0.94,0.95,0.01,0.92,0.08,Moderate Risk,Train
ENHS_SYN_0274,Grade 8,Section C,200,162,38,0.81,0.19,27,Subject A,0.75,0.15,0.79,0.83,0.04,0.79,0.21,High Risk,Train
ENHS_SYN_0275,Grade 8,Section C,200,163,37,0.815,0.185,25,Subject A,0.725,0.15,0.8,0.83,0.03,0.81,0.19,High Risk,Train
ENHS_SYN_0276,Grade 8,Section C,200,181,19,0.905,0.095,17,Subject D,0.825,0.15,0.9,0.91,0.01,0.94,0.06,Low Risk,Train
ENHS_SYN_0277,Grade 8,Section C,200,189,11,0.945,0.055,11,Subject C,0.9,0.075,0.94,0.95,0.01,0.94,0.06,Low Risk,Train
ENHS_SYN_0278,Grade 8,Section C,200,174,26,0.87,0.13,21,Subject C,0.825,0.15,0.89,0.85,-0.04,0.9,0.1,Moderate Risk,Test
ENHS_SYN_0279,Grade 8,Section C,200,182,18,0.91,0.09,14,Subject E,0.825,0.125,0.91,0.91,0.0,0.84,0.16,Moderate Risk,Train
ENHS_SYN_0280,Grade 8,Section C,200,195,5,0.975,0.025,5,Subject B,0.925,0.075,0.98,0.97,-0.01,0.97,0.03,Low Risk,Test
ENHS_SYN_0281,Grade 8,Section C,200,182,18,0.91,0.09,13,Subject A,0.9,0.025,0.91,0.91,0.0,0.95,0.05,Moderate Risk,Train
ENHS_SYN_0282,Grade 8,Section C,200,179,21,0.895,0.105,19,Subject D,0.825,0.125,0.86,0.93,0.07,0.87,0.13,Moderate Risk,Train
ENHS_SYN_0283,Grade 8,Section C,200,189,11,0.945,0.055,10,Subject C,0.9,0.075,0.95,0.94,-0.01,0.95,0.05,Low Risk,Train
ENHS_SYN_0284,Grade 8,Section C,200,175,25,0.875,0.125,19,Subject E,0.825,0.1,0.84,0.91,0.07,0.85,0.15,High Risk,Train
ENHS_SYN_0285,Grade 8,Section C,200,169,31,0.845,0.155,25,Subject B,0.775,0.125,0.84,0.85,0.01,0.87,0.13,Moderate Risk,Test
ENHS_SYN_0286,Grade 8,Section C,200,190,10,0.95,0.05,9,Subject E,0.9,0.1,0.93,0.97,0.04,0.97,0.03,Low Risk,Train
ENHS_SYN_0287,Grade 8,Section C,200,190,10,0.95,0.05,10,Subject B,0.925,0.05,0.96,0.94,-0.02,0.95,0.05,Low Risk,Test
ENHS_SYN_0288,Grade 8,Section C,200,161,39,0.805,0.195,29,Subject B,0.7,0.15,0.79,0.82,0.03,0.82,0.18,Moderate Risk,Train
ENHS_SYN_0289,Grade 8,Section C,200,182,18,0.91,0.09,18,Subject D,0.825,0.15,0.9,0.92,0.02,0.87,0.13,Low Risk,Train
ENHS_SYN_0290,Grade 8,Section C,200,187,13,0.935,0.065,10,Subject D,0.9,0.075,0.96,0.91,-0.05,0.91,0.09,Low Risk,Test
ENHS_SYN_0291,Grade 8,Section C,200,193,7,0.965,0.035,7,Subject B,0.95,0.025,0.97,0.96,-0.01,0.95,0.05,Low Risk,Train
ENHS_SYN_0292,Grade 8,Section C,200,169,31,0.845,0.155,23,Subject E,0.8,0.1,0.9,0.79,-0.11,0.8,0.2,High Risk,Test
ENHS_SYN_0293,Grade 8,Section C,200,177,23,0.885,0.115,16,Subject A,0.825,0.1,0.85,0.92,0.07,0.85,0.15,Moderate Risk,Train
ENHS_SYN_0294,Grade 8,Section C,200,160,40,0.8,0.2,29,Subject D,0.725,0.15,0.76,0.84,0.08,0.74,0.26,High Risk,Test
ENHS_SYN_0295,Grade 8,Section C,200,193,7,0.965,0.035,7,Subject D,0.925,0.075,0.97,0.96,-0.01,0.91,0.09,Low Risk,Test
ENHS_SYN_0296,Grade 8,Section C,200,192,8,0.96,0.04,8,Subject A,0.95,0.05,0.96,0.96,0.0,0.86,0.14,Low Risk,Train
ENHS_SYN_0297,Grade 8,Section C,200,185,15,0.925,0.075,13,Subject C,0.875,0.1,0.95,0.9,-0.05,0.9,0.1,Low Risk,Train
ENHS_SYN_0298,Grade 8,Section C,200,185,15,0.925,0.075,14,Subject D,0.9,0.05,0.92,0.93,0.01,0.94,0.06,Low Risk,Train
ENHS_SYN_0299,Grade 8,Section C,200,186,14,0.93,0.07,11,Subject E,0.875,0.1,0.91,0.95,0.04,0.95,0.05,Low Risk,Train
ENHS_SYN_0300,Grade 8,Section C,200,150,50,0.75,0.25,28,Subject A,0.7,0.15,0.73,0.77,0.04,0.75,0.25,High Risk,Test
ENHS_SYN_0301,Grade 9,Section A,200,186,14,0.93,0.07,13,Subject E,0.9,0.05,0.94,0.92,-0.02,0.85,0.15,Moderate Risk,Train
ENHS_SYN_0302,Grade 9,Section A,200,166,34,0.83,0.17,26,Subject C,0.8,0.075,0.86,0.8,-0.06,0.8,0.2,Moderate Risk,Train
ENHS_SYN_0303,Grade 9,Section A,200,172,28,0.86,0.14,22,Subject B,0.825,0.05,0.83,0.89,0.06,0.86,0.14,Moderate Risk,Test
ENHS_SYN_0304,Grade 9,Section A,200,175,25,0.875,0.125,18,Subject E,0.825,0.15,0.85,0.9,0.05,0.92,0.08,Moderate Risk,Train
ENHS_SYN_0305,Grade 9,Section A,200,164,36,0.82,0.18,27,Subject C,0.75,0.175,0.84,0.8,-0.04,0.86,0.14,Moderate Risk,Train
ENHS_SYN_0306,Grade 9,Section A,200,144,56,0.72,0.28,31,Subject D,0.6,0.2,0.72,0.72,0.0,0.83,0.17,High Risk,Train
ENHS_SYN_0307,Grade 9,Section A,200,187,13,0.935,0.065,11,Subject E,0.875,0.1,0.93,0.94,0.01,0.86,0.14,Moderate Risk,Train
ENHS_SYN_0308,Grade 9,Section A,200,193,7,0.965,0.035,7,Subject E,0.9,0.1,0.96,0.97,0.01,0.97,0.03,Low Risk,Train
ENHS_SYN_0309,Grade 9,Section A,200,175,25,0.875,0.125,18,Subject E,0.8,0.125,0.86,0.89,0.03,0.95,0.05,Moderate Risk,Test
ENHS_SYN_0310,Grade 9,Section A,200,167,33,0.835,0.165,24,Subject B,0.75,0.2,0.84,0.83,-0.01,0.75,0.25,Moderate Risk,Train
ENHS_SYN_0311,Grade 9,Section A,200,179,21,0.895,0.105,13,Subject B,0.875,0.075,0.91,0.88,-0.03,0.85,0.15,Moderate Risk,Train
ENHS_SYN_0312,Grade 9,Section A,200,168,32,0.84,0.16,21,Subject C,0.8,0.075,0.81,0.87,0.06,0.79,0.21,High Risk,Train
ENHS_SYN_0313,Grade 9,Section A,200,166,34,0.83,0.17,23,Subject D,0.75,0.15,0.81,0.85,0.04,0.84,0.16,Moderate Risk,Train
ENHS_SYN_0314,Grade 9,Section A,200,189,11,0.945,0.055,8,Subject A,0.9,0.1,0.91,0.98,0.07,0.92,0.08,Moderate Risk,Train
ENHS_SYN_0315,Grade 9,Section A,200,186,14,0.93,0.07,10,Subject D,0.875,0.125,0.92,0.94,0.02,0.95,0.05,Low Risk,Train
ENHS_SYN_0316,Grade 9,Section A,200,187,13,0.935,0.065,13,Subject B,0.9,0.075,0.94,0.93,-0.01,0.95,0.05,Low Risk,Train
ENHS_SYN_0317,Grade 9,Section A,200,186,14,0.93,0.07,13,Subject E,0.825,0.15,0.92,0.94,0.02,0.96,0.04,Moderate Risk,Test
ENHS_SYN_0318,Grade 9,Section A,200,194,6,0.97,0.03,4,Subject B,0.95,0.05,0.99,0.95,-0.04,0.97,0.03,Low Risk,Train
ENHS_SYN_0319,Grade 9,Section A,200,159,41,0.795,0.205,25,Subject C,0.75,0.075,0.77,0.82,0.05,0.75,0.25,High Risk,Train
ENHS_SYN_0320,Grade 9,Section A,200,171,29,0.855,0.145,20,Subject A,0.825,0.1,0.88,0.83,-0.05,0.88,0.12,Moderate Risk,Train
ENHS_SYN_0321,Grade 9,Section A,200,192,8,0.96,0.04,7,Subject C,0.925,0.075,0.99,0.93,-0.06,0.98,0.02,Low Risk,Train
ENHS_SYN_0322,Grade 9,Section A,200,189,11,0.945,0.055,10,Subject E,0.9,0.075,0.96,0.93,-0.03,0.97,0.03,Low Risk,Train
ENHS_SYN_0323,Grade 9,Section A,200,174,26,0.87,0.13,18,Subject B,0.775,0.15,0.9,0.84,-0.06,0.82,0.18,Moderate Risk,Train
ENHS_SYN_0324,Grade 9,Section A,200,148,52,0.74,0.26,34,Subject A,0.7,0.075,0.75,0.73,-0.02,0.67,0.33,High Risk,Test
ENHS_SYN_0325,Grade 9,Section A,200,179,21,0.895,0.105,17,Subject D,0.825,0.125,0.87,0.92,0.05,0.9,0.1,Moderate Risk,Train
ENHS_SYN_0326,Grade 9,Section A,200,181,19,0.905,0.095,15,Subject D,0.85,0.125,0.91,0.9,-0.01,0.9,0.1,Moderate Risk,Train
ENHS_SYN_0327,Grade 9,Section A,200,172,28,0.86,0.14,20,Subject C,0.825,0.075,0.85,0.87,0.02,0.88,0.12,Moderate Risk,Train
ENHS_SYN_0328,Grade 9,Section A,200,186,14,0.93,0.07,10,Subject E,0.875,0.1,0.91,0.95,0.04,0.98,0.02,Low Risk,Train
ENHS_SYN_0329,Grade 9,Section A,200,164,36,0.82,0.18,26,Subject A,0.8,0.05,0.81,0.83,0.02,0.72,0.28,High Risk,Train
ENHS_SYN_0330,Grade 9,Section A,200,150,50,0.75,0.25,31,Subject E,0.625,0.175,0.73,0.77,0.04,0.83,0.17,High Risk,Train
ENHS_SYN_0331,Grade 9,Section A,200,148,52,0.74,0.26,35,Subject A,0.675,0.15,0.73,0.75,0.02,0.78,0.22,High Risk,Train
ENHS_SYN_0332,Grade 9,Section A,200,162,38,0.81,0.19,26,Subject C,0.725,0.175,0.78,0.84,0.06,0.79,0.21,High Risk,Train
ENHS_SYN_0333,Grade 9,Section A,200,176,24,0.88,0.12,20,Subject E,0.825,0.1,0.87,0.89,0.02,0.91,0.09,Low Risk,Train
ENHS_SYN_0334,Grade 9,Section A,200,151,49,0.755,0.245,32,Subject A,0.7,0.1,0.75,0.76,0.01,0.66,0.34,High Risk,Train
ENHS_SYN_0335,Grade 9,Section A,200,193,7,0.965,0.035,7,Subject E,0.925,0.075,0.98,0.95,-0.03,0.99,0.01,Low Risk,Test
ENHS_SYN_0336,Grade 9,Section A,200,185,15,0.925,0.075,13,Subject E,0.875,0.1,0.9,0.95,0.05,0.96,0.04,Low Risk,Test
ENHS_SYN_0337,Grade 9,Section A,200,178,22,0.89,0.11,18,Subject B,0.85,0.075,0.87,0.91,0.04,0.92,0.08,Low Risk,Train
ENHS_SYN_0338,Grade 9,Section A,200,184,16,0.92,0.08,14,Subject D,0.85,0.15,0.92,0.92,0.0,0.92,0.08,Moderate Risk,Train
ENHS_SYN_0339,Grade 9,Section A,200,170,30,0.85,0.15,22,Subject E,0.8,0.075,0.82,0.88,0.06,0.86,0.14,Moderate Risk,Train
ENHS_SYN_0340,Grade 9,Section A,200,177,23,0.885,0.115,19,Subject A,0.8,0.125,0.92,0.85,-0.07,0.89,0.11,High Risk,Train
ENHS_SYN_0341,Grade 9,Section A,200,150,50,0.75,0.25,29,Subject B,0.65,0.225,0.75,0.75,0.0,0.79,0.21,High Risk,Train
ENHS_SYN_0342,Grade 9,Section A,200,183,17,0.915,0.085,14,Subject D,0.9,0.025,0.91,0.92,0.01,0.98,0.02,Low Risk,Train
ENHS_SYN_0343,Grade 9,Section A,200,150,50,0.75,0.25,31,Subject D,0.625,0.25,0.76,0.74,-0.02,0.69,0.31,High Risk,Train
ENHS_SYN_0344,Grade 9,Section A,200,152,48,0.76,0.24,30,Subject B,0.675,0.2,0.76,0.76,0.0,0.79,0.21,High Risk,Train
ENHS_SYN_0345,Grade 9,Section A,200,180,20,0.9,0.1,17,Subject E,0.85,0.125,0.91,0.89,-0.02,0.91,0.09,Low Risk,Train
ENHS_SYN_0346,Grade 9,Section A,200,183,17,0.915,0.085,15,Subject D,0.825,0.175,0.92,0.91,-0.01,0.91,0.09,Low Risk,Test
ENHS_SYN_0347,Grade 9,Section A,200,169,31,0.845,0.155,25,Subject B,0.75,0.25,0.86,0.83,-0.03,0.8,0.2,Moderate Risk,Train
ENHS_SYN_0348,Grade 9,Section A,200,160,40,0.8,0.2,26,Subject E,0.65,0.3,0.8,0.8,0.0,0.87,0.13,High Risk,Train
ENHS_SYN_0349,Grade 9,Section A,200,176,24,0.88,0.12,19,Subject C,0.8,0.15,0.9,0.86,-0.04,0.91,0.09,Moderate Risk,Train
ENHS_SYN_0350,Grade 9,Section A,200,170,30,0.85,0.15,25,Subject B,0.825,0.05,0.89,0.81,-0.08,0.88,0.12,Moderate Risk,Train
ENHS_SYN_0351,Grade 9,Section B,200,179,21,0.895,0.105,18,Subject E,0.8,0.2,0.91,0.88,-0.03,0.95,0.05,Low Risk,Train
ENHS_SYN_0352,Grade 9,Section B,200,172,28,0.86,0.14,20,Subject B,0.8,0.15,0.82,0.9,0.08,0.81,0.19,Moderate Risk,Train
ENHS_SYN_0353,Grade 9,Section B,200,177,23,0.885,0.115,19,Subject D,0.85,0.075,0.89,0.88,-0.01,0.9,0.1,Moderate Risk,Train
ENHS_SYN_0354,Grade 9,Section B,200,190,10,0.95,0.05,8,Subject D,0.925,0.05,0.94,0.96,0.02,0.91,0.09,Low Risk,Train
ENHS_SYN_0355,Grade 9,Section B,200,197,3,0.985,0.015,3,Subject E,0.925,0.075,0.99,0.98,-0.01,0.98,0.02,Low Risk,Test
ENHS_SYN_0356,Grade 9,Section B,200,156,44,0.78,0.22,30,Subject A,0.725,0.1,0.77,0.79,0.02,0.8,0.2,High Risk,Train
ENHS_SYN_0357,Grade 9,Section B,200,146,54,0.73,0.27,32,Subject D,0.625,0.175,0.73,0.73,0.0,0.79,0.21,High Risk,Train
ENHS_SYN_0358,Grade 9,Section B,200,180,20,0.9,0.1,16,Subject E,0.85,0.125,0.92,0.88,-0.04,0.9,0.1,Moderate Risk,Train
ENHS_SYN_0359,Grade 9,Section B,200,180,20,0.9,0.1,15,Subject A,0.875,0.075,0.85,0.95,0.1,0.94,0.06,Moderate Risk,Train
ENHS_SYN_0360,Grade 9,Section B,200,139,61,0.695,0.305,32,Subject C,0.525,0.275,0.66,0.73,0.07,0.72,0.28,High Risk,Train
ENHS_SYN_0361,Grade 9,Section B,200,194,6,0.97,0.03,6,Subject D,0.925,0.075,0.97,0.97,0.0,0.98,0.02,Low Risk,Test
ENHS_SYN_0362,Grade 9,Section B,200,163,37,0.815,0.185,25,Subject A,0.75,0.15,0.8,0.83,0.03,0.79,0.21,High Risk,Train
ENHS_SYN_0363,Grade 9,Section B,200,163,37,0.815,0.185,22,Subject C,0.725,0.2,0.8,0.83,0.03,0.8,0.2,High Risk,Test
ENHS_SYN_0364,Grade 9,Section B,200,181,19,0.905,0.095,15,Subject A,0.875,0.125,0.94,0.87,-0.07,0.89,0.11,Moderate Risk,Train
ENHS_SYN_0365,Grade 9,Section B,200,190,10,0.95,0.05,8,Subject E,0.9,0.1,0.93,0.97,0.04,0.98,0.02,Low Risk,Train
ENHS_SYN_0366,Grade 9,Section B,200,173,27,0.865,0.135,21,Subject C,0.825,0.1,0.87,0.86,-0.01,0.93,0.07,Moderate Risk,Test
ENHS_SYN_0367,Grade 9,Section B,200,187,13,0.935,0.065,11,Subject B,0.875,0.1,0.94,0.93,-0.01,0.94,0.06,Low Risk,Train
ENHS_SYN_0368,Grade 9,Section B,200,180,20,0.9,0.1,15,Subject B,0.85,0.075,0.93,0.87,-0.06,0.86,0.14,Moderate Risk,Train
ENHS_SYN_0369,Grade 9,Section B,200,162,38,0.81,0.19,26,Subject E,0.75,0.1,0.79,0.83,0.04,0.74,0.26,High Risk,Test
ENHS_SYN_0370,Grade 9,Section B,200,167,33,0.835,0.165,25,Subject E,0.775,0.175,0.8,0.87,0.07,0.82,0.18,High Risk,Train
ENHS_SYN_0371,Grade 9,Section B,200,160,40,0.8,0.2,28,Subject A,0.675,0.25,0.83,0.77,-0.06,0.82,0.18,Moderate Risk,Train
ENHS_SYN_0372,Grade 9,Section B,200,147,53,0.735,0.265,30,Subject C,0.7,0.05,0.77,0.7,-0.07,0.83,0.17,High Risk,Test
ENHS_SYN_0373,Grade 9,Section B,200,196,4,0.98,0.02,4,Subject D,0.95,0.05,0.98,0.98,0.0,0.99,0.01,Low Risk,Train
ENHS_SYN_0374,Grade 9,Section B,200,189,11,0.945,0.055,11,Subject E,0.9,0.075,0.96,0.93,-0.03,0.95,0.05,Low Risk,Test
ENHS_SYN_0375,Grade 9,Section B,200,189,11,0.945,0.055,8,Subject E,0.875,0.125,0.96,0.93,-0.03,0.89,0.11,Moderate Risk,Test
ENHS_SYN_0376,Grade 9,Section B,200,151,49,0.755,0.245,31,Subject D,0.675,0.175,0.76,0.75,-0.01,0.79,0.21,High Risk,Train
ENHS_SYN_0377,Grade 9,Section B,200,186,14,0.93,0.07,13,Subject C,0.875,0.1,0.95,0.91,-0.04,0.91,0.09,Moderate Risk,Train
ENHS_SYN_0378,Grade 9,Section B,200,168,32,0.84,0.16,25,Subject B,0.775,0.1,0.82,0.86,0.04,0.76,0.24,High Risk,Test
ENHS_SYN_0379,Grade 9,Section B,200,187,13,0.935,0.065,13,Subject B,0.9,0.05,0.93,0.94,0.01,0.88,0.12,Low Risk,Test
ENHS_SYN_0380,Grade 9,Section B,200,166,34,0.83,0.17,22,Subject A,0.775,0.125,0.84,0.82,-0.02,0.86,0.14,High Risk,Train
ENHS_SYN_0381,Grade 9,Section B,200,155,45,0.775,0.225,32,Subject D,0.6,0.275,0.77,0.78,0.01,0.7,0.3,High Risk,Train
ENHS_SYN_0382,Grade 9,Section B,200,186,14,0.93,0.07,14,Subject A,0.85,0.125,0.92,0.94,0.02,0.93,0.07,Low Risk,Test
ENHS_SYN_0383,Grade 9,Section B,200,190,10,0.95,0.05,10,Subject A,0.875,0.125,0.95,0.95,0.0,0.9,0.1,Low Risk,Train
ENHS_SYN_0384,Grade 9,Section B,200,153,47,0.765,0.235,30,Subject C,0.7,0.125,0.79,0.74,-0.05,0.84,0.16,High Risk,Train
ENHS_SYN_0385,Grade 9,Section B,200,174,26,0.87,0.13,18,Subject D,0.8,0.125,0.93,0.81,-0.12,0.82,0.18,Moderate Risk,Train
ENHS_SYN_0386,Grade 9,Section B,200,191,9,0.955,0.045,9,Subject B,0.9,0.1,0.96,0.95,-0.01,0.94,0.06,Low Risk,Train
ENHS_SYN_0387,Grade 9,Section B,200,190,10,0.95,0.05,8,Subject C,0.9,0.1,0.95,0.95,0.0,0.98,0.02,Low Risk,Test
ENHS_SYN_0388,Grade 9,Section B,200,194,6,0.97,0.03,6,Subject E,0.925,0.075,0.97,0.97,0.0,0.99,0.01,Low Risk,Test
ENHS_SYN_0389,Grade 9,Section B,200,185,15,0.925,0.075,13,Subject C,0.85,0.125,0.93,0.92,-0.01,0.8,0.2,Moderate Risk,Train
ENHS_SYN_0390,Grade 9,Section B,200,184,16,0.92,0.08,12,Subject C,0.85,0.125,0.95,0.89,-0.06,0.92,0.08,Low Risk,Train
ENHS_SYN_0391,Grade 9,Section B,200,170,30,0.85,0.15,25,Subject D,0.75,0.15,0.85,0.85,0.0,0.84,0.16,Moderate Risk,Train
ENHS_SYN_0392,Grade 9,Section B,200,191,9,0.955,0.045,8,Subject E,0.875,0.125,0.95,0.96,0.01,0.95,0.05,Low Risk,Train
ENHS_SYN_0393,Grade 9,Section B,200,194,6,0.97,0.03,5,Subject D,0.925,0.075,0.96,0.98,0.02,0.97,0.03,Low Risk,Train
ENHS_SYN_0394,Grade 9,Section B,200,152,48,0.76,0.24,28,Subject D,0.7,0.1,0.78,0.74,-0.04,0.66,0.34,High Risk,Test
ENHS_SYN_0395,Grade 9,Section B,200,159,41,0.795,0.205,29,Subject E,0.675,0.175,0.77,0.82,0.05,0.82,0.18,High Risk,Train
ENHS_SYN_0396,Grade 9,Section B,200,172,28,0.86,0.14,22,Subject E,0.8,0.125,0.89,0.83,-0.06,0.78,0.22,High Risk,Train
ENHS_SYN_0397,Grade 9,Section B,200,177,23,0.885,0.115,19,Subject D,0.825,0.15,0.9,0.87,-0.03,0.91,0.09,Moderate Risk,Test
ENHS_SYN_0398,Grade 9,Section B,200,188,12,0.94,0.06,10,Subject B,0.9,0.075,0.91,0.97,0.06,0.93,0.07,Low Risk,Train
ENHS_SYN_0399,Grade 9,Section B,200,182,18,0.91,0.09,13,Subject E,0.875,0.075,0.91,0.91,0.0,0.92,0.08,Moderate Risk,Train
ENHS_SYN_0400,Grade 9,Section B,200,187,13,0.935,0.065,11,Subject D,0.825,0.175,0.95,0.92,-0.03,0.97,0.03,Low Risk,Train
ENHS_SYN_0401,Grade 9,Section C,200,153,47,0.765,0.235,28,Subject C,0.675,0.175,0.8,0.73,-0.07,0.74,0.26,High Risk,Train
ENHS_SYN_0402,Grade 9,Section C,200,159,41,0.795,0.205,29,Subject C,0.675,0.15,0.82,0.77,-0.05,0.88,0.12,High Risk,Train
ENHS_SYN_0403,Grade 9,Section C,200,179,21,0.895,0.105,18,Subject D,0.8,0.175,0.93,0.86,-0.07,0.87,0.13,Moderate Risk,Train
ENHS_SYN_0404,Grade 9,Section C,200,190,10,0.95,0.05,9,Subject A,0.925,0.05,0.93,0.97,0.04,0.95,0.05,Low Risk,Train
ENHS_SYN_0405,Grade 9,Section C,200,179,21,0.895,0.105,17,Subject D,0.875,0.05,0.89,0.9,0.01,0.94,0.06,Low Risk,Train
ENHS_SYN_0406,Grade 9,Section C,200,138,62,0.69,0.31,31,Subject A,0.6,0.15,0.65,0.73,0.08,0.77,0.23,High Risk,Train
ENHS_SYN_0407,Grade 9,Section C,200,175,25,0.875,0.125,22,Subject D,0.775,0.175,0.85,0.9,0.05,0.85,0.15,Moderate Risk,Train
ENHS_SYN_0408,Grade 9,Section C,200,181,19,0.905,0.095,18,Subject A,0.875,0.075,0.91,0.9,-0.01,0.92,0.08,Low Risk,Train
ENHS_SYN_0409,Grade 9,Section C,200,191,9,0.955,0.045,8,Subject C,0.9,0.1,0.95,0.96,0.01,0.98,0.02,Low Risk,Train
ENHS_SYN_0410,Grade 9,Section C,200,136,64,0.68,0.32,34,Subject D,0.6,0.15,0.63,0.73,0.1,0.67,0.33,High Risk,Test
ENHS_SYN_0411,Grade 9,Section C,200,180,20,0.9,0.1,17,Subject A,0.875,0.05,0.94,0.86,-0.08,0.85,0.15,Moderate Risk,Train
ENHS_SYN_0412,Grade 9,Section C,200,194,6,0.97,0.03,6,Subject C,0.925,0.075,0.97,0.97,0.0,1.0,0.0,Low Risk,Train
ENHS_SYN_0413,Grade 9,Section C,200,170,30,0.85,0.15,22,Subject C,0.8,0.125,0.79,0.91,0.12,0.86,0.14,Moderate Risk,Train
ENHS_SYN_0414,Grade 9,Section C,200,186,14,0.93,0.07,13,Subject D,0.9,0.075,0.95,0.91,-0.04,0.85,0.15,Low Risk,Train
ENHS_SYN_0415,Grade 9,Section C,200,175,25,0.875,0.125,21,Subject D,0.85,0.05,0.89,0.86,-0.03,0.85,0.15,Moderate Risk,Train
ENHS_SYN_0416,Grade 9,Section C,200,172,28,0.86,0.14,19,Subject B,0.775,0.175,0.87,0.85,-0.02,0.72,0.28,High Risk,Train
ENHS_SYN_0417,Grade 9,Section C,200,136,64,0.68,0.32,36,Subject D,0.6,0.15,0.69,0.67,-0.02,0.67,0.33,High Risk,Test
ENHS_SYN_0418,Grade 9,Section C,200,175,25,0.875,0.125,21,Subject E,0.825,0.1,0.87,0.88,0.01,0.83,0.17,High Risk,Train
ENHS_SYN_0419,Grade 9,Section C,200,191,9,0.955,0.045,7,Subject E,0.9,0.1,0.95,0.96,0.01,0.95,0.05,Low Risk,Train
ENHS_SYN_0420,Grade 9,Section C,200,179,21,0.895,0.105,18,Subject C,0.85,0.075,0.89,0.9,0.01,0.9,0.1,Moderate Risk,Test
ENHS_SYN_0421,Grade 9,Section C,200,159,41,0.795,0.205,26,Subject B,0.725,0.125,0.82,0.77,-0.05,0.74,0.26,High Risk,Train
ENHS_SYN_0422,Grade 9,Section C,200,196,4,0.98,0.02,3,Subject C,0.95,0.05,0.99,0.97,-0.02,0.93,0.07,Low Risk,Train
ENHS_SYN_0423,Grade 9,Section C,200,174,26,0.87,0.13,23,Subject C,0.8,0.125,0.9,0.84,-0.06,0.84,0.16,Moderate Risk,Train
ENHS_SYN_0424,Grade 9,Section C,200,180,20,0.9,0.1,18,Subject E,0.8,0.2,0.89,0.91,0.02,0.91,0.09,Moderate Risk,Train
ENHS_SYN_0425,Grade 9,Section C,200,192,8,0.96,0.04,7,Subject E,0.925,0.075,0.98,0.94,-0.04,0.97,0.03,Low Risk,Train
ENHS_SYN_0426,Grade 9,Section C,200,154,46,0.77,0.23,30,Subject C,0.725,0.075,0.8,0.74,-0.06,0.75,0.25,High Risk,Train
ENHS_SYN_0427,Grade 9,Section C,200,187,13,0.935,0.065,11,Subject A,0.9,0.075,0.94,0.93,-0.01,0.94,0.06,Low Risk,Train
ENHS_SYN_0428,Grade 9,Section C,200,156,44,0.78,0.22,28,Subject E,0.725,0.15,0.82,0.74,-0.08,0.75,0.25,Moderate Risk,Test
ENHS_SYN_0429,Grade 9,Section C,200,187,13,0.935,0.065,12,Subject E,0.9,0.05,0.93,0.94,0.01,0.92,0.08,Low Risk,Train
ENHS_SYN_0430,Grade 9,Section C,200,182,18,0.91,0.09,14,Subject D,0.825,0.15,0.93,0.89,-0.04,0.93,0.07,Moderate Risk,Test
ENHS_SYN_0431,Grade 9,Section C,200,151,49,0.755,0.245,28,Subject D,0.7,0.125,0.72,0.79,0.07,0.76,0.24,High Risk,Test
ENHS_SYN_0432,Grade 9,Section C,200,164,36,0.82,0.18,25,Subject D,0.7,0.15,0.84,0.8,-0.04,0.79,0.21,High Risk,Test
ENHS_SYN_0433,Grade 9,Section C,200,173,27,0.865,0.135,19,Subject D,0.8,0.1,0.85,0.88,0.03,0.91,0.09,High Risk,Train
ENHS_SYN_0434,Grade 9,Section C,200,172,28,0.86,0.14,19,Subject B,0.8,0.15,0.81,0.91,0.1,0.87,0.13,Moderate Risk,Train
ENHS_SYN_0435,Grade 9,Section C,200,148,52,0.74,0.26,29,Subject C,0.675,0.15,0.79,0.69,-0.1,0.82,0.18,High Risk,Train
ENHS_SYN_0436,Grade 9,Section C,200,178,22,0.89,0.11,15,Subject E,0.725,0.25,0.92,0.86,-0.06,0.85,0.15,Moderate Risk,Train
ENHS_SYN_0437,Grade 9,Section C,200,166,34,0.83,0.17,24,Subject A,0.725,0.175,0.84,0.82,-0.02,0.79,0.21,High Risk,Train
ENHS_SYN_0438,Grade 9,Section C,200,169,31,0.845,0.155,24,Subject C,0.8,0.1,0.81,0.88,0.07,0.84,0.16,Moderate Risk,Train
ENHS_SYN_0439,Grade 9,Section C,200,164,36,0.82,0.18,24,Subject A,0.775,0.125,0.82,0.82,0.0,0.87,0.13,High Risk,Train
ENHS_SYN_0440,Grade 9,Section C,200,193,7,0.965,0.035,7,Subject E,0.925,0.075,0.96,0.97,0.01,0.94,0.06,Low Risk,Train
ENHS_SYN_0441,Grade 9,Section C,200,166,34,0.83,0.17,23,Subject C,0.775,0.1,0.87,0.79,-0.08,0.82,0.18,Moderate Risk,Test
ENHS_SYN_0442,Grade 9,Section C,200,167,33,0.835,0.165,21,Subject D,0.8,0.075,0.89,0.78,-0.11,0.87,0.13,High Risk,Train
ENHS_SYN_0443,Grade 9,Section C,200,166,34,0.83,0.17,23,Subject D,0.725,0.15,0.86,0.8,-0.06,0.71,0.29,High Risk,Train
ENHS_SYN_0444,Grade 9,Section C,200,147,53,0.735,0.265,32,Subject B,0.6,0.25,0.71,0.76,0.05,0.71,0.29,High Risk,Test
ENHS_SYN_0445,Grade 9,Section C,200,182,18,0.91,0.09,18,Subject A,0.875,0.075,0.91,0.91,0.0,0.91,0.09,Moderate Risk,Train
ENHS_SYN_0446,Grade 9,Section C,200,172,28,0.86,0.14,22,Subject C,0.8,0.1,0.89,0.83,-0.06,0.84,0.16,Moderate Risk,Train
ENHS_SYN_0447,Grade 9,Section C,200,176,24,0.88,0.12,17,Subject A,0.85,0.05,0.9,0.86,-0.04,0.92,0.08,Moderate Risk,Train
ENHS_SYN_0448,Grade 9,Section C,200,163,37,0.815,0.185,26,Subject D,0.775,0.075,0.81,0.82,0.01,0.81,0.19,Moderate Risk,Train
ENHS_SYN_0449,Grade 9,Section C,200,180,20,0.9,0.1,19,Subject B,0.85,0.1,0.91,0.89,-0.02,0.88,0.12,Low Risk,Train
ENHS_SYN_0450,Grade 9,Section C,200,186,14,0.93,0.07,12,Subject E,0.875,0.125,0.9,0.96,0.06,0.96,0.04,Low Risk,Train
ENHS_SYN_0451,Grade 10,Section A,200,152,48,0.76,0.24,30,Subject C,0.7,0.125,0.78,0.74,-0.04,0.73,0.27,High Risk,Train
ENHS_SYN_0452,Grade 10,Section A,200,138,62,0.69,0.31,33,Subject B,0.55,0.2,0.71,0.67,-0.04,0.71,0.29,High Risk,Train
ENHS_SYN_0453,Grade 10,Section A,200,178,22,0.89,0.11,18,Subject E,0.85,0.075,0.9,0.88,-0.02,0.89,0.11,Moderate Risk,Test
ENHS_SYN_0454,Grade 10,Section A,200,197,3,0.985,0.015,3,Subject E,0.95,0.05,0.98,0.99,0.01,0.96,0.04,Low Risk,Train
ENHS_SYN_0455,Grade 10,Section A,200,178,22,0.89,0.11,20,Subject E,0.85,0.075,0.89,0.89,0.0,0.91,0.09,Moderate Risk,Train
ENHS_SYN_0456,Grade 10,Section A,200,179,21,0.895,0.105,17,Subject D,0.85,0.075,0.9,0.89,-0.01,0.92,0.08,Moderate Risk,Train
ENHS_SYN_0457,Grade 10,Section A,200,182,18,0.91,0.09,14,Subject D,0.875,0.075,0.9,0.92,0.02,0.95,0.05,Low Risk,Test
ENHS_SYN_0458,Grade 10,Section A,200,142,58,0.71,0.29,28,Subject C,0.55,0.25,0.7,0.72,0.02,0.71,0.29,High Risk,Train
ENHS_SYN_0459,Grade 10,Section A,200,154,46,0.77,0.23,27,Subject E,0.675,0.175,0.75,0.79,0.04,0.75,0.25,High Risk,Train
ENHS_SYN_0460,Grade 10,Section A,200,180,20,0.9,0.1,17,Subject C,0.85,0.1,0.88,0.92,0.04,0.9,0.1,Low Risk,Train
ENHS_SYN_0461,Grade 10,Section A,200,161,39,0.805,0.195,26,Subject C,0.75,0.125,0.83,0.78,-0.05,0.76,0.24,High Risk,Train
ENHS_SYN_0462,Grade 10,Section A,200,181,19,0.905,0.095,17,Subject D,0.875,0.05,0.89,0.92,0.03,0.84,0.16,Moderate Risk,Train
ENHS_SYN_0463,Grade 10,Section A,200,185,15,0.925,0.075,13,Subject E,0.875,0.075,0.9,0.95,0.05,0.94,0.06,Low Risk,Train
ENHS_SYN_0464,Grade 10,Section A,200,163,37,0.815,0.185,26,Subject C,0.725,0.125,0.79,0.84,0.05,0.78,0.22,High Risk,Train
ENHS_SYN_0465,Grade 10,Section A,200,169,31,0.845,0.155,25,Subject D,0.75,0.15,0.86,0.83,-0.03,0.87,0.13,High Risk,Train
ENHS_SYN_0466,Grade 10,Section A,200,154,46,0.77,0.23,28,Subject C,0.725,0.1,0.73,0.81,0.08,0.72,0.28,High Risk,Train
ENHS_SYN_0467,Grade 10,Section A,200,188,12,0.94,0.06,10,Subject A,0.925,0.025,0.91,0.97,0.06,0.95,0.05,Low Risk,Train
ENHS_SYN_0468,Grade 10,Section A,200,160,40,0.8,0.2,25,Subject E,0.75,0.1,0.75,0.85,0.1,0.76,0.24,High Risk,Test
ENHS_SYN_0469,Grade 10,Section A,200,182,18,0.91,0.09,15,Subject D,0.85,0.125,0.9,0.92,0.02,0.87,0.13,Low Risk,Train
ENHS_SYN_0470,Grade 10,Section A,200,187,13,0.935,0.065,13,Subject B,0.875,0.1,0.93,0.94,0.01,0.93,0.07,Low Risk,Train
ENHS_SYN_0471,Grade 10,Section A,200,166,34,0.83,0.17,24,Subject D,0.75,0.15,0.81,0.85,0.04,0.79,0.21,Moderate Risk,Test
ENHS_SYN_0472,Grade 10,Section A,200,179,21,0.895,0.105,18,Subject E,0.825,0.15,0.88,0.91,0.03,0.9,0.1,Moderate Risk,Train
ENHS_SYN_0473,Grade 10,Section A,200,164,36,0.82,0.18,26,Subject E,0.65,0.25,0.79,0.85,0.06,0.79,0.21,High Risk,Train
ENHS_SYN_0474,Grade 10,Section A,200,182,18,0.91,0.09,16,Subject D,0.85,0.125,0.87,0.95,0.08,0.94,0.06,Moderate Risk,Train
ENHS_SYN_0475,Grade 10,Section A,200,141,59,0.705,0.295,34,Subject C,0.625,0.2,0.69,0.72,0.03,0.75,0.25,High Risk,Train
ENHS_SYN_0476,Grade 10,Section A,200,159,41,0.795,0.205,26,Subject D,0.725,0.1,0.81,0.78,-0.03,0.73,0.27,High Risk,Test
ENHS_SYN_0477,Grade 10,Section A,200,186,14,0.93,0.07,14,Subject D,0.9,0.075,0.93,0.93,0.0,0.95,0.05,Low Risk,Train
ENHS_SYN_0478,Grade 10,Section A,200,189,11,0.945,0.055,10,Subject E,0.9,0.1,0.94,0.95,0.01,0.89,0.11,Low Risk,Train
ENHS_SYN_0479,Grade 10,Section A,200,181,19,0.905,0.095,15,Subject C,0.875,0.05,0.95,0.86,-0.09,0.94,0.06,Low Risk,Train
ENHS_SYN_0480,Grade 10,Section A,200,176,24,0.88,0.12,19,Subject D,0.725,0.275,0.86,0.9,0.04,0.86,0.14,Moderate Risk,Train
ENHS_SYN_0481,Grade 10,Section A,200,158,42,0.79,0.21,25,Subject E,0.7,0.15,0.85,0.73,-0.12,0.76,0.24,High Risk,Train
ENHS_SYN_0482,Grade 10,Section A,200,159,41,0.795,0.205,27,Subject A,0.65,0.2,0.86,0.73,-0.13,0.82,0.18,High Risk,Train
ENHS_SYN_0483,Grade 10,Section A,200,199,1,0.995,0.005,1,Subject D,0.975,0.025,1.0,0.99,-0.01,0.99,0.01,Low Risk,Train
ENHS_SYN_0484,Grade 10,Section A,200,194,6,0.97,0.03,6,Subject B,0.925,0.075,0.95,0.99,0.04,0.93,0.07,Low Risk,Train
ENHS_SYN_0485,Grade 10,Section A,200,179,21,0.895,0.105,17,Subject A,0.875,0.075,0.9,0.89,-0.01,0.93,0.07,Moderate Risk,Train
ENHS_SYN_0486,Grade 10,Section A,200,180,20,0.9,0.1,16,Subject D,0.775,0.225,0.88,0.92,0.04,0.96,0.04,Moderate Risk,Test
ENHS_SYN_0487,Grade 10,Section A,200,196,4,0.98,0.02,4,Subject D,0.925,0.075,0.96,1.0,0.04,0.97,0.03,Low Risk,Train
ENHS_SYN_0488,Grade 10,Section A,200,163,37,0.815,0.185,27,Subject C,0.7,0.2,0.82,0.81,-0.01,0.77,0.23,High Risk,Train
ENHS_SYN_0489,Grade 10,Section A,200,189,11,0.945,0.055,11,Subject C,0.875,0.1,0.94,0.95,0.01,0.97,0.03,Low Risk,Train
ENHS_SYN_0490,Grade 10,Section A,200,161,39,0.805,0.195,24,Subject C,0.75,0.125,0.83,0.78,-0.05,0.73,0.27,High Risk,Train
ENHS_SYN_0491,Grade 10,Section A,200,185,15,0.925,0.075,14,Subject D,0.85,0.125,0.95,0.9,-0.05,0.92,0.08,Low Risk,Train
ENHS_SYN_0492,Grade 10,Section A,200,172,28,0.86,0.14,23,Subject C,0.775,0.175,0.86,0.86,0.0,0.87,0.13,Moderate Risk,Train
ENHS_SYN_0493,Grade 10,Section A,200,181,19,0.905,0.095,16,Subject E,0.825,0.175,0.91,0.9,-0.01,0.89,0.11,Low Risk,Train
ENHS_SYN_0494,Grade 10,Section A,200,139,61,0.695,0.305,32,Subject D,0.625,0.15,0.66,0.73,0.07,0.7,0.3,High Risk,Train
ENHS_SYN_0495,Grade 10,Section A,200,196,4,0.98,0.02,4,Subject B,0.925,0.075,0.96,1.0,0.04,0.98,0.02,Low Risk,Train
ENHS_SYN_0496,Grade 10,Section A,200,165,35,0.825,0.175,27,Subject E,0.725,0.175,0.8,0.85,0.05,0.82,0.18,Moderate Risk,Train
ENHS_SYN_0497,Grade 10,Section A,200,168,32,0.84,0.16,21,Subject D,0.775,0.1,0.79,0.89,0.1,0.81,0.19,High Risk,Train
ENHS_SYN_0498,Grade 10,Section A,200,167,33,0.835,0.165,23,Subject B,0.775,0.125,0.86,0.81,-0.05,0.85,0.15,Moderate Risk,Train
ENHS_SYN_0499,Grade 10,Section A,200,145,55,0.725,0.275,32,Subject C,0.675,0.1,0.73,0.72,-0.01,0.68,0.32,High Risk,Train
ENHS_SYN_0500,Grade 10,Section A,200,186,14,0.93,0.07,13,Subject D,0.85,0.125,0.94,0.92,-0.02,0.93,0.07,Low Risk,Test
ENHS_SYN_0501,Grade 10,Section B,200,152,48,0.76,0.24,30,Subject B,0.675,0.225,0.83,0.69,-0.14,0.69,0.31,High Risk,Train
ENHS_SYN_0502,Grade 10,Section B,200,178,22,0.89,0.11,19,Subject B,0.825,0.1,0.89,0.89,0.0,0.9,0.1,Moderate Risk,Train
ENHS_SYN_0503,Grade 10,Section B,200,159,41,0.795,0.205,28,Subject C,0.725,0.125,0.73,0.86,0.13,0.83,0.17,High Risk,Test
ENHS_SYN_0504,Grade 10,Section B,200,152,48,0.76,0.24,27,Subject A,0.725,0.1,0.75,0.77,0.02,0.73,0.27,High Risk,Train
ENHS_SYN_0505,Grade 10,Section B,200,177,23,0.885,0.115,19,Subject D,0.825,0.125,0.9,0.87,-0.03,0.85,0.15,Moderate Risk,Train
ENHS_SYN_0506,Grade 10,Section B,200,196,4,0.98,0.02,4,Subject B,0.95,0.05,0.97,0.99,0.02,0.99,0.01,Low Risk,Train
ENHS_SYN_0507,Grade 10,Section B,200,173,27,0.865,0.135,23,Subject A,0.85,0.05,0.89,0.84,-0.05,0.91,0.09,High Risk,Test
ENHS_SYN_0508,Grade 10,Section B,200,168,32,0.84,0.16,21,Subject E,0.7,0.2,0.86,0.82,-0.04,0.88,0.12,Moderate Risk,Train
ENHS_SYN_0509,Grade 10,Section B,200,174,26,0.87,0.13,21,Subject E,0.8,0.15,0.84,0.9,0.06,0.91,0.09,Moderate Risk,Test
ENHS_SYN_0510,Grade 10,Section B,200,170,30,0.85,0.15,22,Subject A,0.8,0.125,0.84,0.86,0.02,0.83,0.17,Moderate Risk,Train
ENHS_SYN_0511,Grade 10,Section B,200,153,47,0.765,0.235,28,Subject C,0.675,0.15,0.73,0.8,0.07,0.76,0.24,High Risk,Test
ENHS_SYN_0512,Grade 10,Section B,200,165,35,0.825,0.175,24,Subject D,0.775,0.1,0.8,0.85,0.05,0.77,0.23,High Risk,Test
ENHS_SYN_0513,Grade 10,Section B,200,182,18,0.91,0.09,16,Subject D,0.875,0.075,0.9,0.92,0.02,0.93,0.07,Low Risk,Train
ENHS_SYN_0514,Grade 10,Section B,200,180,20,0.9,0.1,17,Subject C,0.875,0.05,0.91,0.89,-0.02,0.88,0.12,Moderate Risk,Train
ENHS_SYN_0515,Grade 10,Section B,200,186,14,0.93,0.07,13,Subject D,0.875,0.1,0.92,0.94,0.02,0.98,0.02,Low Risk,Test
ENHS_SYN_0516,Grade 10,Section B,200,154,46,0.77,0.23,27,Subject A,0.675,0.175,0.71,0.83,0.12,0.78,0.22,High Risk,Train
ENHS_SYN_0517,Grade 10,Section B,200,164,36,0.82,0.18,26,Subject E,0.725,0.2,0.82,0.82,0.0,0.7,0.3,High Risk,Train
ENHS_SYN_0518,Grade 10,Section B,200,170,30,0.85,0.15,24,Subject A,0.75,0.175,0.83,0.87,0.04,0.94,0.06,Moderate Risk,Test
ENHS_SYN_0519,Grade 10,Section B,200,171,29,0.855,0.145,20,Subject B,0.825,0.075,0.83,0.88,0.05,0.84,0.16,Moderate Risk,Test
ENHS_SYN_0520,Grade 10,Section B,200,169,31,0.845,0.155,26,Subject C,0.75,0.25,0.83,0.86,0.03,0.79,0.21,High Risk,Train
ENHS_SYN_0521,Grade 10,Section B,200,183,17,0.915,0.085,13,Subject E,0.875,0.075,0.88,0.95,0.07,0.9,0.1,Moderate Risk,Train
ENHS_SYN_0522,Grade 10,Section B,200,189,11,0.945,0.055,10,Subject E,0.9,0.075,0.93,0.96,0.03,0.94,0.06,Low Risk,Train
ENHS_SYN_0523,Grade 10,Section B,200,175,25,0.875,0.125,22,Subject C,0.825,0.125,0.87,0.88,0.01,0.77,0.23,High Risk,Test
ENHS_SYN_0524,Grade 10,Section B,200,174,26,0.87,0.13,20,Subject D,0.8,0.125,0.86,0.88,0.02,0.81,0.19,Moderate Risk,Train
ENHS_SYN_0525,Grade 10,Section B,200,185,15,0.925,0.075,14,Subject A,0.875,0.1,0.93,0.92,-0.01,0.9,0.1,Moderate Risk,Train
ENHS_SYN_0526,Grade 10,Section B,200,167,33,0.835,0.165,25,Subject A,0.75,0.175,0.83,0.84,0.01,0.88,0.12,Moderate Risk,Train
ENHS_SYN_0527,Grade 10,Section B,200,167,33,0.835,0.165,24,Subject C,0.725,0.175,0.86,0.81,-0.05,0.86,0.14,Moderate Risk,Train
ENHS_SYN_0528,Grade 10,Section B,200,176,24,0.88,0.12,19,Subject E,0.825,0.1,0.88,0.88,0.0,0.81,0.19,Moderate Risk,Train
ENHS_SYN_0529,Grade 10,Section B,200,196,4,0.98,0.02,4,Subject B,0.95,0.05,0.99,0.97,-0.02,0.96,0.04,Low Risk,Test
ENHS_SYN_0530,Grade 10,Section B,200,167,33,0.835,0.165,23,Subject C,0.775,0.125,0.79,0.88,0.09,0.78,0.22,High Risk,Test
ENHS_SYN_0531,Grade 10,Section B,200,169,31,0.845,0.155,25,Subject D,0.75,0.15,0.88,0.81,-0.07,0.89,0.11,Moderate Risk,Test
ENHS_SYN_0532,Grade 10,Section B,200,184,16,0.92,0.08,15,Subject C,0.875,0.1,0.91,0.93,0.02,0.95,0.05,Moderate Risk,Train
ENHS_SYN_0533,Grade 10,Section B,200,157,43,0.785,0.215,29,Subject B,0.725,0.175,0.75,0.82,0.07,0.79,0.21,High Risk,Train
ENHS_SYN_0534,Grade 10,Section B,200,166,34,0.83,0.17,26,Subject B,0.775,0.15,0.8,0.86,0.06,0.8,0.2,High Risk,Train
ENHS_SYN_0535,Grade 10,Section B,200,176,24,0.88,0.12,17,Subject D,0.825,0.125,0.87,0.89,0.02,0.82,0.18,Moderate Risk,Train
ENHS_SYN_0536,Grade 10,Section B,200,196,4,0.98,0.02,4,Subject D,0.925,0.075,0.99,0.97,-0.02,0.99,0.01,Low Risk,Train
ENHS_SYN_0537,Grade 10,Section B,200,163,37,0.815,0.185,26,Subject E,0.775,0.075,0.79,0.84,0.05,0.78,0.22,High Risk,Train
ENHS_SYN_0538,Grade 10,Section B,200,175,25,0.875,0.125,23,Subject B,0.775,0.175,0.87,0.88,0.01,0.95,0.05,High Risk,Train
ENHS_SYN_0539,Grade 10,Section B,200,152,48,0.76,0.24,28,Subject B,0.7,0.175,0.81,0.71,-0.1,0.77,0.23,High Risk,Train
ENHS_SYN_0540,Grade 10,Section B,200,188,12,0.94,0.06,12,Subject D,0.9,0.1,0.95,0.93,-0.02,0.93,0.07,Low Risk,Train
ENHS_SYN_0541,Grade 10,Section B,200,194,6,0.97,0.03,6,Subject E,0.925,0.075,0.96,0.98,0.02,0.93,0.07,Low Risk,Train
ENHS_SYN_0542,Grade 10,Section B,200,151,49,0.755,0.245,29,Subject C,0.6,0.3,0.77,0.74,-0.03,0.77,0.23,High Risk,Train
ENHS_SYN_0543,Grade 10,Section B,200,179,21,0.895,0.105,19,Subject C,0.85,0.1,0.91,0.88,-0.03,0.97,0.03,Moderate Risk,Train
ENHS_SYN_0544,Grade 10,Section B,200,166,34,0.83,0.17,25,Subject C,0.725,0.175,0.8,0.86,0.06,0.79,0.21,High Risk,Test
ENHS_SYN_0545,Grade 10,Section B,200,180,20,0.9,0.1,17,Subject E,0.85,0.075,0.92,0.88,-0.04,0.86,0.14,Low Risk,Test
ENHS_SYN_0546,Grade 10,Section B,200,186,14,0.93,0.07,13,Subject E,0.875,0.125,0.95,0.91,-0.04,0.92,0.08,Low Risk,Train
ENHS_SYN_0547,Grade 10,Section B,200,191,9,0.955,0.045,8,Subject A,0.9,0.1,0.96,0.95,-0.01,0.96,0.04,Low Risk,Train
ENHS_SYN_0548,Grade 10,Section B,200,189,11,0.945,0.055,10,Subject E,0.925,0.025,0.97,0.92,-0.05,0.98,0.02,Low Risk,Train
ENHS_SYN_0549,Grade 10,Section B,200,187,13,0.935,0.065,13,Subject A,0.9,0.075,0.89,0.98,0.09,0.93,0.07,Low Risk,Test
ENHS_SYN_0550,Grade 10,Section B,200,159,41,0.795,0.205,26,Subject B,0.675,0.2,0.85,0.74,-0.11,0.82,0.18,High Risk,Train
ENHS_SYN_0551,Grade 10,Section C,200,169,31,0.845,0.155,24,Subject D,0.8,0.1,0.82,0.87,0.05,0.87,0.13,High Risk,Train
ENHS_SYN_0552,Grade 10,Section C,200,192,8,0.96,0.04,6,Subject D,0.9,0.1,0.97,0.95,-0.02,0.99,0.01,Low Risk,Train
ENHS_SYN_0553,Grade 10,Section C,200,196,4,0.98,0.02,4,Subject D,0.95,0.05,0.98,0.98,0.0,0.96,0.04,Low Risk,Train
ENHS_SYN_0554,Grade 10,Section C,200,191,9,0.955,0.045,8,Subject C,0.9,0.075,0.95,0.96,0.01,0.98,0.02,Low Risk,Train
ENHS_SYN_0555,Grade 10,Section C,200,184,16,0.92,0.08,14,Subject D,0.875,0.075,0.92,0.92,0.0,0.97,0.03,Low Risk,Train
ENHS_SYN_0556,Grade 10,Section C,200,196,4,0.98,0.02,4,Subject A,0.95,0.05,0.99,0.97,-0.02,0.98,0.02,Low Risk,Train
ENHS_SYN_0557,Grade 10,Section C,200,175,25,0.875,0.125,18,Subject D,0.825,0.1,0.87,0.88,0.01,0.85,0.15,Moderate Risk,Test
ENHS_SYN_0558,Grade 10,Section C,200,176,24,0.88,0.12,17,Subject D,0.825,0.125,0.86,0.9,0.04,0.86,0.14,Moderate Risk,Train
ENHS_SYN_0559,Grade 10,Section C,200,198,2,0.99,0.01,2,Subject B,0.975,0.025,0.99,0.99,0.0,0.99,0.01,Low Risk,Train
ENHS_SYN_0560,Grade 10,Section C,200,173,27,0.865,0.135,22,Subject A,0.775,0.15,0.88,0.85,-0.03,0.82,0.18,Moderate Risk,Train
ENHS_SYN_0561,Grade 10,Section C,200,166,34,0.83,0.17,26,Subject E,0.775,0.075,0.84,0.82,-0.02,0.75,0.25,Moderate Risk,Train
ENHS_SYN_0562,Grade 10,Section C,200,151,49,0.755,0.245,29,Subject E,0.7,0.125,0.75,0.76,0.01,0.79,0.21,High Risk,Train
ENHS_SYN_0563,Grade 10,Section C,200,187,13,0.935,0.065,12,Subject C,0.9,0.075,0.93,0.94,0.01,0.93,0.07,Low Risk,Train
ENHS_SYN_0564,Grade 10,Section C,200,152,48,0.76,0.24,32,Subject E,0.7,0.175,0.79,0.73,-0.06,0.78,0.22,High Risk,Train
ENHS_SYN_0565,Grade 10,Section C,200,192,8,0.96,0.04,8,Subject C,0.925,0.075,0.97,0.95,-0.02,0.97,0.03,Low Risk,Train
ENHS_SYN_0566,Grade 10,Section C,200,179,21,0.895,0.105,19,Subject C,0.825,0.15,0.89,0.9,0.01,0.83,0.17,Moderate Risk,Test
ENHS_SYN_0567,Grade 10,Section C,200,191,9,0.955,0.045,8,Subject C,0.925,0.05,0.96,0.95,-0.01,0.93,0.07,Low Risk,Train
ENHS_SYN_0568,Grade 10,Section C,200,187,13,0.935,0.065,10,Subject B,0.9,0.075,0.95,0.92,-0.03,0.96,0.04,Low Risk,Train
ENHS_SYN_0569,Grade 10,Section C,200,186,14,0.93,0.07,13,Subject E,0.875,0.1,0.93,0.93,0.0,0.92,0.08,Low Risk,Train
ENHS_SYN_0570,Grade 10,Section C,200,193,7,0.965,0.035,6,Subject B,0.95,0.025,0.96,0.97,0.01,0.95,0.05,Low Risk,Train
ENHS_SYN_0571,Grade 10,Section C,200,162,38,0.81,0.19,28,Subject E,0.725,0.15,0.8,0.82,0.02,0.86,0.14,High Risk,Train
ENHS_SYN_0572,Grade 10,Section C,200,173,27,0.865,0.135,23,Subject C,0.85,0.05,0.87,0.86,-0.01,0.89,0.11,Moderate Risk,Train
ENHS_SYN_0573,Grade 10,Section C,200,144,56,0.72,0.28,28,Subject C,0.65,0.15,0.79,0.65,-0.14,0.66,0.34,High Risk,Train
ENHS_SYN_0574,Grade 10,Section C,200,161,39,0.805,0.195,25,Subject D,0.7,0.175,0.76,0.85,0.09,0.76,0.24,High Risk,Train
ENHS_SYN_0575,Grade 10,Section C,200,173,27,0.865,0.135,21,Subject D,0.775,0.125,0.86,0.87,0.01,0.87,0.13,Moderate Risk,Train
ENHS_SYN_0576,Grade 10,Section C,200,146,54,0.73,0.27,29,Subject C,0.7,0.05,0.8,0.66,-0.14,0.7,0.3,High Risk,Train
ENHS_SYN_0577,Grade 10,Section C,200,172,28,0.86,0.14,22,Subject B,0.8,0.15,0.87,0.85,-0.02,0.73,0.27,High Risk,Train
ENHS_SYN_0578,Grade 10,Section C,200,188,12,0.94,0.06,12,Subject C,0.9,0.075,0.92,0.96,0.04,0.95,0.05,Low Risk,Train
ENHS_SYN_0579,Grade 10,Section C,200,148,52,0.74,0.26,32,Subject B,0.65,0.225,0.73,0.75,0.02,0.73,0.27,High Risk,Train
ENHS_SYN_0580,Grade 10,Section C,200,165,35,0.825,0.175,27,Subject D,0.7,0.25,0.8,0.85,0.05,0.78,0.22,High Risk,Train
ENHS_SYN_0581,Grade 10,Section C,200,174,26,0.87,0.13,23,Subject C,0.825,0.1,0.9,0.84,-0.06,0.88,0.12,High Risk,Train
ENHS_SYN_0582,Grade 10,Section C,200,165,35,0.825,0.175,25,Subject E,0.75,0.125,0.82,0.83,0.01,0.82,0.18,High Risk,Train
ENHS_SYN_0583,Grade 10,Section C,200,192,8,0.96,0.04,7,Subject A,0.925,0.075,0.96,0.96,0.0,0.96,0.04,Low Risk,Test
ENHS_SYN_0584,Grade 10,Section C,200,182,18,0.91,0.09,14,Subject E,0.85,0.125,0.93,0.89,-0.04,0.91,0.09,Moderate Risk,Train
ENHS_SYN_0585,Grade 10,Section C,200,153,47,0.765,0.235,33,Subject D,0.675,0.175,0.77,0.76,-0.01,0.69,0.31,High Risk,Test
ENHS_SYN_0586,Grade 10,Section C,200,174,26,0.87,0.13,19,Subject C,0.825,0.1,0.92,0.82,-0.1,0.81,0.19,Moderate Risk,Train
ENHS_SYN_0587,Grade 10,Section C,200,182,18,0.91,0.09,16,Subject A,0.875,0.075,0.9,0.92,0.02,0.93,0.07,Moderate Risk,Train
ENHS_SYN_0588,Grade 10,Section C,200,168,32,0.84,0.16,26,Subject B,0.8,0.125,0.86,0.82,-0.04,0.81,0.19,High Risk,Train
ENHS_SYN_0589,Grade 10,Section C,200,161,39,0.805,0.195,29,Subject C,0.775,0.05,0.78,0.83,0.05,0.83,0.17,High Risk,Train
ENHS_SYN_0590,Grade 10,Section C,200,159,41,0.795,0.205,30,Subject B,0.7,0.15,0.8,0.79,-0.01,0.83,0.17,Moderate Risk,Train
ENHS_SYN_0591,Grade 10,Section C,200,176,24,0.88,0.12,20,Subject C,0.825,0.125,0.88,0.88,0.0,0.92,0.08,Moderate Risk,Test
ENHS_SYN_0592,Grade 10,Section C,200,167,33,0.835,0.165,23,Subject C,0.775,0.125,0.82,0.85,0.03,0.82,0.18,High Risk,Train
ENHS_SYN_0593,Grade 10,Section C,200,156,44,0.78,0.22,30,Subject C,0.725,0.1,0.76,0.8,0.04,0.78,0.22,High Risk,Train
ENHS_SYN_0594,Grade 10,Section C,200,179,21,0.895,0.105,17,Subject A,0.825,0.125,0.91,0.88,-0.03,0.87,0.13,High Risk,Train
ENHS_SYN_0595,Grade 10,Section C,200,175,25,0.875,0.125,18,Subject D,0.8,0.125,0.85,0.9,0.05,0.93,0.07,Moderate Risk,Train
ENHS_SYN_0596,Grade 10,Section C,200,175,25,0.875,0.125,19,Subject B,0.8,0.175,0.88,0.87,-0.01,0.9,0.1,Moderate Risk,Train
ENHS_SYN_0597,Grade 10,Section C,200,188,12,0.94,0.06,10,Subject B,0.85,0.15,0.96,0.92,-0.04,0.96,0.04,Low Risk,Test
ENHS_SYN_0598,Grade 10,Section C,200,197,3,0.985,0.015,2,Subject A,0.975,0.025,0.97,1.0,0.03,0.98,0.02,Low Risk,Train
ENHS_SYN_0599,Grade 10,Section C,200,185,15,0.925,0.075,15,Subject A,0.875,0.075,0.94,0.91,-0.03,0.94,0.06,Low Risk,Train
ENHS_SYN_0600,Grade 10,Section C,200,174,26,0.87,0.13,21,Subject B,0.775,0.2,0.88,0.86,-0.02,0.87,0.13,Moderate Risk,Train
